feature	s__GGB30286_SGB43248	s__GGB30301_SGB43265	s__GGB30302_SGB43266	s__GGB30302_SGB43267	s__GGB30303_SGB43268	s__GGB30413_SGB43452	s__Atopobiaceae_bacterium_FL090493	s__Adlercreutzia_caecicola	s__Adlercreutzia_caecimuris	s__Adlercreutzia_mucosicola	s__Adlercreutzia_muris	s__Eggerthellaceae_bacterium	s__Enterorhabdus_sp_P55	s__GGB30048_SGB42949	s__Bacteria_unclassified_SGB41586	s__bacterium_0_1xD8_82	s__bacterium_1XD42_1	s__bacterium_1XD42_54	s__bacterium_1XD42_76	s__bacterium_1xD8_48	s__bacterium_D16_29	s__bacterium_D16_54	s__bacterium_D16_63	s__bacterium_D16_76	s__GGB31171_SGB44462	s__GGB28955_SGB41663	s__GGB28887_SGB41568	s__GGB28888_SGB41569	s__GGB28904_SGB41597	s__GGB28948_SGB41654	s__Bacteroidaceae_bacterium	s__Bacteroides_acidifaciens	s__Bacteroides_caecimuris	s__Bacteroides_uniformis	s__GGB28265_SGB40817	s__GGB24132_SGB35935	s__GGB24146_SGB35950	s__GGB24149_SGB35953	s__GGB27872_SGB40306	s__GGB27873_SGB40307	s__GGB27885_SGB40319	s__GGB27890_SGB40324	s__GGB27892_SGB40326	s__GGB27893_SGB40327	s__Duncaniella_dubosii	s__Duncaniella_freteri	s__Duncaniella_muris	s__GGB14013_SGB21440	s__GGB14014_SGB21441	s__GGB14022_SGB21449	s__Muribaculaceae_bacterium	s__Muribaculaceae_bacterium_Isolate_013_NCI	s__Muribaculaceae_bacterium_Isolate_110_HZI	s__Muribaculum_gordoncarteri	s__Muribaculum_intestinale	s__Paramuribaculum_intestinale	s__GGB28248_SGB40791	s__Odoribacter_sp_Z80	s__Prevotella_sp_PCJ2	s__Alistipes_sp	s__GGB24102_SGB35895	s__GGB24102_SGB40205	s__GGB27776_SGB40190	s__GGB27778_SGB40192	s__GGB27791_SGB40207	s__GGB27792_SGB40208	s__Rikenellaceae_bacterium	s__Parabacteroides_distasonis	s__Parabacteroides_goldsteinii	s__GGB31109_SGB44380	s__GGB27898_SGB40333	s__GGB14001_SGB21428	s__GGB27851_SGB40285	s__GGB23844_SGB35575	s__GGB27861_SGB40295	s__GGB27866_SGB40300	s__GGB27929_SGB40368	s__Mucispirillum_schaedleri	s__Lactobacillus_intestinalis	s__Lactobacillus_johnsonii	s__Lactobacillus_taiwanensis	s__Ligilactobacillus_murinus	s__Limosilactobacillus_reuteri	s__Streptococcus_danieliae	s__GGB31438_SGB44768	s__GGB31439_SGB44769	s__GGB31701_SGB45057	s__GGB31851_SGB45231	s__GGB31853_SGB45233	s__GGB42343_SGB59511	s__GGB42344_SGB59512	s__GGB28955_SGB41664	s__GGB28956_SGB41665	s__GGB28959_SGB41668	s__GGB28893_SGB41574	s__GGB28903_SGB41594	s__GGB28330_SGB40904	s__GGB28384_SGB40964	s__GGB28386_SGB40966	s__GGB28393_SGB40973	s__GGB28394_SGB40974	s__GGB28428_SGB41011	s__GGB28431_SGB41014	s__GGB28433_SGB41016	s__GGB28437_SGB41020	s__GGB28779_SGB41432	s__GGB28881_SGB41561	s__GGB28929_SGB41629	s__GGB28934_SGB41635	s__GGB28945_SGB41650	s__GGB28949_SGB41655	s__GGB28980_SGB41692	s__GGB28996_SGB41712	s__GGB29002_SGB41718	s__GGB29003_SGB41719	s__GGB29531_SGB42317	s__GGB29546_SGB42338	s__GGB30142_SGB43067	s__GGB30408_SGB43438	s__GGB28404_SGB40986	s__GGB28416_SGB40998	s__GGB28422_SGB41005	s__Candidatus_Arthromitus_sp_SFB_mouse	s__Clostridiaceae_bacterium	s__Clostridiaceae_unclassified_SGB41645	s__GGB28988_SGB41701	s__GGB28989_SGB41702	s__GGB30145_SGB43072	s__GGB30147_SGB43074	s__Emergencia_sp_1XD21_10	s__Clostridiales_bacterium	s__Acetatifactor_muris	s__Dorea_sp_5_2	s__GGB25041_SGB36960	s__GGB28621_SGB41239	s__GGB28763_SGB41411	s__GGB28766_SGB41417	s__GGB28769_SGB41421	s__GGB28772_SGB41425	s__GGB28790_SGB41443	s__GGB28793_SGB41446	s__GGB28798_SGB41451	s__GGB28803_SGB41457	s__GGB28807_SGB41461	s__GGB28836_SGB41496	s__GGB28841_SGB41505	s__GGB28846_SGB41513	s__GGB28849_SGB41516	s__GGB28851_SGB41518	s__GGB28861_SGB41531	s__GGB28869_SGB41543	s__GGB28870_SGB41546	s__GGB28870_SGB41549	s__GGB28873_SGB41553	s__GGB28875_SGB41555	s__GGB28879_SGB41559	s__GGB28916_SGB41612	s__GGB28926_SGB41623	s__GGB28927_SGB41625	s__GGB28963_SGB41672	s__GGB28968_SGB41679	s__GGB29005_SGB41723	s__GGB29006_SGB41724	s__GGB29006_SGB41725	s__Lachnospiraceae_bacterium	s__Lachnospiraceae_bacterium_28_4	s__Lachnospiraceae_bacterium_A2	s__Lachnospiraceae_bacterium_A4	s__Lachnospiraceae_bacterium_MD308	s__Lachnospiraceae_bacterium_MD335	s__Lachnospiraceae_bacterium_WCA_9_b2	s__Lachnospiraceae_unclassified_SGB41498	s__Roseburia_sp_1XD42_69	s__Schaedlerella_arabinosiphila	s__Oscillibacter_sp_1_3	s__Romboutsia_ilealis	s__Acutalibacter_muris	s__GGB29550_SGB42344	s__GGB30091_SGB43003	s__GGB30093_SGB43006	s__GGB30295_SGB43259	s__GGB30297_SGB43261	s__GGB30444_SGB43493	s__GGB30445_SGB43494	s__GGB30448_SGB43502	s__GGB30448_SGB43504	s__GGB30451_SGB43508	s__GGB30454_SGB43514	s__GGB30454_SGB43516	s__GGB30457_SGB43521	s__GGB30457_SGB43523	s__GGB30461_SGB43530	s__GGB30461_SGB43533	s__GGB30461_SGB63209	s__GGB30466_SGB43541	s__GGB30466_SGB43546	s__GGB30473_SGB43557	s__GGB30475_SGB63182	s__GGB3171_SGB4185	s__Neglecta_sp_X4	s__Pseudoflavonifractor_sp_60	s__Faecalibaculum_rodentium	s__GGB31184_SGB44478	s__Turicibacter_sp_TS3	s__Firmicutes_bacterium_ASF500	s__GGB30667_SGB43809	s__Parasutterella_excrementihominis	s__Turicimonas_muris	s__GGB28308_SGB40878	s__GGB28310_SGB40880	s__GGB28317_SGB40889	s__Helicobacter_hepaticus
220500001177-A03	0.01967	0.02341	0.03252	0	0.01188	0.00467	0	0.0114	0.09133	0.11599	0	0	0.04056	0.01755	0.415	0	0.00343	0.00776	0.01842	0.00467	0	0	0.0828	0	0	0	0.00073	0.08558	0.05987	0.01097	0.88606	0.46758	0.0797	0.60969	1.28514	0.82228	0.09981	0.14471	0.16843	0.2675	0.13146	0.50981	0.92088	0.29263	6.01165	0.28495	11.3745	1.37123	0.48175	6.42853	15.34065	0.24888	2.27003	0.64604	1.07403	5.47448	0.20748	0.37111	1.31509	0.12911	4.28561	2.4012	0.43777	4.33604	0.11706	0.75017	0.40187	0.12618	0.00537	0.29665	4.78525	0.44388	0	1.77417	0.36083	1.33637	0.66107	0.16434	0.13006	1.52931	0.81931	0.44518	0.62172	0	0	0.11728	0.18343	0.09065	0.01414	0.02419	0.04457	0.07717	0.02239	0	0.08509	0.2254	0.00423	0.86869	0.02577	0.25024	0.02134	0.07817	0.12465	0.01414	0.02802	0.25087	0	0	0.00912	0	0.03829	0.01958	0	0.08056	0.03509	0.0296	0.0014	0	0.18602	0.45954	1.98199	0.23441	0.10314	0.15742	0.03314	0.1192	0.08661	0	0	0.10715	0.30968	0	0.02892	0.29147	0.00738	0	0.00863	0	0	0.09408	0.05035	0	0.01109	0.01972	0.10436	0.00387	0.0155	0.03968	0.08379	0	0.12398	0.04293	0.0051	0	0.00136	0	0.00205	0	0.02083	0.01455	0.01366	0.36489	0	0.33669	0.08972	0	0.56274	0.03293	0.00748	0.10823	0.08514	1.16132	0.12665	0.04332	0.01581	0	0	0	0.07251	0.04082	0	0.02284	0.00894	0.02825	0.00459	0.07074	0.03512	0.00235	0	0.00302	0.03787	0.01112	0	0	0.02164	0.00289	0.03042	0.00351	0.27136	0.00226	0	0	0.01721	0	0	0	0.03847	0.16788	0.01052	0.08442	0.0059	1.54192
220500001177-A06	0.02115	0.00584	0.03907	0.00571	0.00129	0	0.02938	0.00504	0.02449	0.03144	0	0	0.01267	0	0.04494	0	0.0047	0.00056	0.00677	0.00119	0.00364	0	0.01628	0.00175	0	3e-04	0.00192	0.00543	0.00978	0.00075	0.21639	0.59189	0.08429	0.20334	0.00182	2.24148	0.72448	0.48866	0.67217	0.29217	0.12614	0.58727	0.43864	0.13479	2.21956	0.19863	4.48294	2.39019	9.50435	2.34608	13.58558	0.45608	3.41119	19.28424	2.80049	0.82904	0.9681	0.78375	0.60822	0.18404	1.2472	1.17602	0.37407	3.11763	0.41829	1.49196	1.4435	0.46055	0.02572	0.25223	9.59284	0.76957	0	0.65027	0.07387	0.46619	0	0.09855	0.21429	0.62703	0.0461	0.13519	0.21616	0	0	0.1841	0	0.02344	0.00332	0.01579	0	0	0	0.00548	0.00759	0.01222	0.00886	0.56016	0.00114	0	0.02819	0.0196	0	0.04915	0.04986	0.31208	0	0.01694	0.00437	0	0.01466	0.00014	0	0.06981	0.04654	0.00408	0	0	0.01736	0.12388	0.23469	0.06362	0	0.0047	0.01106	0.03468	0.01132	0.00126	0.00107	0.042	0.25075	0	0.00138	0.1026	0.00521	0	0.00621	0	0	0.02638	0.00456	0	0.00877	0.00429	0.00584	0.00151	0.00392	0.00388	0.00233	0	0.00184	0.01737	0.00669	0	0.00506	0	0.04016	0	0.00267	0.00075	0.00182	0	0	0.02386	0.02344	0	0.04938	0.12564	0.00619	0.01937	0.02741	0.16869	0	0	0.01556	0	0	0.0607	0.02512	0.01335	0	0.00865	0	0.01084	0.01668	0.00143	0.00395	0.07959	0	0	0.02271	0.00876	0.00571	0	0.00313	0.00132	0.04393	0.00103	0.24446	0.00334	0	0.62964	0.00416	0.37933	0	0.38099	0.06442	0.6199	0.02613	0.07688	0.00064	0.28919
220500001177-A09	0.10734	0.05807	0.02041	0.02457	0.0193	0.00336	0.15743	0.08294	0.836	1.11766	0.19953	0.02335	0.32409	0.07693	0.37735	0.00207	0.01929	0.07693	0.06176	0.07744	0.03401	0.01371	0.25271	0.00834	0.02686	0.00201	0.01719	0.14925	0.27482	0.03183	0.35249	0.24693	0.085	0.01409	0.00996	0.35747	0.08838	0.11598	0.18149	0	0.02558	0.08255	0.03586	0.1345	4.48809	1.82197	2.06636	0.07977	0	0.00423	16.11613	0.0093	0.05233	0.86945	0.27273	6.83831	1.57353	0.84201	0	0.036	3.26611	2.6145	0.08036	5.25151	0.01671	2.0194	0.15746	0.02165	0	0.17623	0.40832	0.60631	0	0.26827	0.53707	1.23776	1.76734	0.50786	2.1616	6.06429	1.50922	5.35587	4.90885	0.00907	0	0.20743	0.05276	0.12243	0.07912	0.04833	0.11514	0.02081	0.02092	0.02324	0.00557	0.21252	0.10083	1.47126	0.02352	0.11533	0.07247	0.10718	0.02697	0.01799	0.06319	1.00751	0.00392	0	0.0698	0.00491	0.1129	0.27859	0	0.1632	0.25355	0.03863	0.01941	0	0.08193	0.83815	0.46217	0.243	0.15005	0.11745	0.00687	0.40342	0.3741	0.07345	0.00816	0.2701	0.42885	0.00265	0.07602	0.90774	0.03997	0.0014	0.07486	0.0138	0.01031	0.21842	0.11979	0	0.15934	0.16918	1.36264	0.07955	0.06813	0.14235	0.06185	0	0.15475	0.108	0.01389	0	0.00968	0.00063	0.37645	0.0248	0.06197	0.0193	0.02928	0.0031	0	0.17682	0.67564	0	0.70795	1.38539	0.24001	0.08383	0.2629	0.80348	0.16333	0.0285	0.02768	0	0	0	0.15528	0.12572	0.00228	0.03361	0	0.05353	0.01633	0.00793	0.07504	0.0833	0.00358	0.01638	0.25118	0.01779	0	0	0.06915	0.02189	0.13824	0.03222	0	0.03549	0.00196	0	0.17493	0.00433	0.00538	0	0.20668	0.12465	0.00761	0.38207	0.00236	0.5414
220500001177-B02	0.03894	0.08343	0.24184	0.00819	0.04381	0	0	0	0.03397	0.08642	0.00287	0	0.02844	0.00792	0.7557	0	0.01465	0	0.03358	0.02958	0.00485	0	0	0	0	0.23855	0	0.19528	0.16014	0.12611	0.45884	0.40531	0.09756	0	0.03384	0.92	0.04632	0.02218	0.32598	0.02584	0.079	0.10038	0.12106	0.17797	0.99297	0.2519	1.7896	0.35079	0.0664	1.83808	7.74885	0.09873	3.84394	10.22065	1.67223	2.64939	0.36106	1.40063	0.01843	0.15554	5.31164	2.18246	0.06113	6.14442	0.07124	0.9963	0.50221	0.13187	0.0097	0.11289	5.2368	0.29173	0	0.71505	0.01817	0.44197	0.16977	6.48229	0.00879	0.28829	0.28535	0.2564	0.12833	0	0	0	0	0.1894	0	0.13648	0.05166	0	0.06833	0.01982	0.39448	0.78372	0.04558	2.01902	0.01913	0	0.03067	0.28448	0.19751	0.11906	0.06846	0.25098	0	0	0.05104	0.03136	0.2327	0	0	0.55894	0.09625	0.06198	0.05151	0	0.38396	0.37775	0.92614	0.05133	0.07105	0.36174	0.04178	0	0	0	0	0	0	0	0.21814	0.09681	0.00875	0	0.12947	0	0	1.55997	0.19455	0	0.21756	0.21361	0.72637	0	0.13669	0.44042	0.67311	0	0.02442	0.07459	0	0.49006	0.03711	0.07239	0	0.00323	0.0397	0.10237	0.01885	7.80291	0	0.02331	0.33488	0	0.84525	0.69218	0	0.2736	0	0	0	0.01582	0.00062	0	0.05079	0	0.19574	0.01606	0	0.01596	0	0	0	0.07859	0.03361	0	0.04653	0	0.11659	0	0.00572	0	0.07378	0.06324	0.0239	0	0.07022	0	0	0	0	0.30222	0	0	0	0.1319	0.01664	0.15941	0	6.44437
220500001177-B05	0.0327	0.15308	0.57606	0.03416	0.12488	0.05676	0.00319	0	0.00865	0.01881	0	0	0.00038	0	0.32535	0.01044	0.06162	0	0.08004	0	0.0609	0	0.01028	0.00947	0	0.02662	0.17118	0.14762	0.19059	0.04794	0.07274	0.28115	0.09925	0.49393	0	0.51262	0.40253	0.39507	0.31935	0.09215	0.0886	0.30138	0.71917	0.13929	0.57345	0.41611	1.16317	1.25039	1.62374	1.16875	7.9212	0.4319	1.236	11.68049	0.54736	3.05472	2.00356	1.5801	0.59471	0.24477	3.1214	1.61257	0.28344	6.80986	0.24165	1.15197	0.50602	0.28668	0.00664	0.4483	7.44714	0.25398	0	1.93107	0.01714	0.50696	0.02392	3.05324	0.16236	0.36962	0.0101	0.20389	0.13548	0	2.36089	0	0	0.20682	0.09897	0.07336	0.02916	0	0.07676	0.07015	0.13425	0.20615	0.22202	1.24338	0.02111	0	0.02419	0.0169	0.02539	0.1957	0.09041	0.44805	0.01454	0.66642	0.13038	0.00015	0.27045	0.04859	0	0.71869	0.15625	0.16666	0.10803	0.11049	0.22464	0.45138	0.77297	0.36493	0.01407	0.21514	0.03834	0.90531	0.21086	0	0.01214	0.07579	0.37861	0.00569	0.10763	0.85795	0.05194	0.01845	0.0823	0	0.00298	0.54792	0.23625	0.02456	0.21311	0.07727	0.02708	0	0.16543	0.16903	0.15013	0	0.1539	0.14706	0.04452	0.84479	0.00652	0	0.00578	0.06387	0.1479	0.10349	0.06888	0.04358	0	0.1359	0.36835	0.03262	3.03724	1.9119	0.11806	0.3044	0.09778	1.68295	0.88903	0.0319	0.05519	0	0.0431	0	0.44299	0.10616	0.00023	0.06764	0	0.12347	0.22558	0.02648	0.11753	0.57335	0.48901	0.04657	0.39641	0.29245	0.03385	0.01529	0.17993	0.07677	0.20339	0.03329	0.24533	0.1031	0.00604	0.05162	0.00387	0	0	0	0.01007	0.26252	0.04846	0.22546	0.07469	0.68849
220500001177-B08	0.06254	0.06771	0.22364	0.04069	0.03299	0.06572	0.23074	0.07843	0.52468	0.59749	0.07919	0.01113	0.21134	0.12211	0.18202	0.02984	0.02097	0.13029	0.04295	0.00516	0.07166	0.03019	0.05387	0.02138	0.0371	0.04255	0.04808	0.15902	0.4591	0.05383	0.03519	0.27159	0.06635	0.02615	0.00072	0.42637	0.28737	0.23818	0.20028	0.01918	0.05487	0.16418	0.15502	0.18801	3.58597	0.90278	2.75596	0.18121	0.02386	2.09363	12.18078	0.16063	0.83478	4.82305	0.29999	4.55802	1.25916	1.02156	0.01594	0.6073	5.87124	1.30914	0.21071	10.11102	0.08832	2.67088	0.29764	0.07517	0.00264	0.63257	3.84279	0.33708	0	0.37077	0.43193	0.76144	0.90827	0.28746	0.00513	0.48497	1.08712	2.178	0.88668	0.0012	1.30285	0	0	0.02399	0.07065	0.07609	0.06361	0	0.0752	0.06831	0.03058	0.33053	0.14394	1.33328	0.02083	0	0.0716	0.23674	0.073	0.09896	0.10366	0.778	0.01126	0.08414	0.08967	0.00846	0.11402	0.06659	0	0.42783	0.04747	0.06434	0.25378	0.05744	0.09318	0.28514	1.01334	0.07679	0.0617	0.05152	0.04282	0.08104	0.21178	0.01658	0.02362	0.24051	0.81174	0.0092	0.08322	1.1327	0.08178	0.0459	0.10753	0.02182	0.00131	0.07427	0.10541	0	0.14316	0.05234	0.16025	0	0.15954	0.10364	0.06658	0	0.08405	0.1519	0.05191	0.1995	0.0288	0.0062	0.01415	0.10822	0.2047	0.03564	0.03261	0.00065	0	0	0.60964	0	0.53972	0.85603	0.2201	0.05094	0.07065	0.68471	0.24179	0.01287	0.11776	0	0.02174	0	0.15007	0.1003	0.0055	0.10902	0	0.06628	0.08128	0.04378	0.02873	0.19884	0.10343	0.03331	0.17117	0.06005	0.08617	0.01601	0.07538	0.07461	0.12616	0.03084	0.07264	0.05596	0.00523	1.22218	0.10517	4.64028	0.00216	0	0.02401	0.35194	9e-05	0.10705	0.00173	1.44987
220500001177-C03	0.1738	0.17177	0.18955	0.08771	0.21443	0	0.05217	0	0.03459	0.03218	0	0.00065	0.00597	0.01366	2.86181	0	0.13362	0	0.07857	0.42783	0.25487	0.11324	0.00248	0.02234	0	0.22596	0.00372	0.81452	0.13426	0.20809	4.5407	0.59709	0.05889	0.04737	0.94991	1.17096	0.58663	0.5156	0.33451	0.10282	0.06291	0.21955	0.10128	0.29751	1.16763	0.08244	3.33045	0.35869	3.96543	3.90182	9.75496	0.89603	5.72137	0	1.7321	4.90605	0.07779	0.09366	0.38338	0.24994	1.99457	0.90403	0.21114	1.04239	0.18768	0.52487	1.09294	0.43785	0.05974	0.1757	7.41131	0.72467	0	0.49995	0.15787	0.22079	0.33455	1.30851	0	0	0.01099	0	0.00597	0	0	0	0	0.0646	0	0.04172	0	0	0.08267	0.04446	0	0.9161	0.02007	0.20151	0.05351	0.00132	0.05371	0.01369	0.04955	0.31685	0.12586	0.24317	0.05037	0	0.15197	0	0.10939	0.01949	0.0113	0	0.21467	0.17474	0.41848	0	0.3679	0.106	0.42909	0.60386	0	0.19512	0.18505	0.7549	0.0111	0.01161	0	0.03304	0.20331	0.00598	0	0.04959	0.09522	0	0.07191	0.05108	0.03614	0	0.55315	0	0.35044	0.03498	0	0.01253	0.21501	0.01228	0.58697	0	0.04504	0.29843	0.0834	0	0.03383	0.29644	0	0.34348	0.21564	0.20702	0.06241	0.89132	0	0	0.20039	0	3.73724	5.14373	0.04963	0.77729	0	0.00271	0	0	0.02864	0	0.01861	0	0.33234	0.12314	0	0.21005	0	0.18594	1.28757	0.14375	0.09136	0.46864	0.46865	0.06988	1.44273	0.13718	0	0.0316	0.184	0.11071	0.15539	0.0238	0.33733	0.04341	0	0.18517	0	0.04899	0.00537	0.30933	0.01515	0.38963	0.13502	0.58715	0.17058	1.73049
220500001177-C06	0.18958	0.06468	0.30199	0.0413	0.08636	0.02108	0.00143	0	0.00604	0.00686	0	0	0.00188	0	0.7715	0.00328	0.02253	0.00238	0.03914	0.03647	0.09903	0.01134	0.00638	0.01668	0	0.01063	0.0932	0.10843	0.41349	0.02045	0.21471	0.3812	0.12119	0.45015	0.14006	0.95362	0.34204	0.36148	0.26715	0.07098	0.06523	0.39896	0.86783	0.38547	1.73678	0.53609	2.16521	0.63911	7.02828	0.63325	10.03624	0.99309	1.4493	3.41829	0.6371	1.33397	1.42709	1.97926	0.31903	0.38229	5.60493	2.89044	0.38636	12.96288	0.45072	2.04935	1.88552	0.38886	0.0186	0.79261	3.26113	0.48813	0	1.85424	0.17551	0.68616	0.21385	0.48797	0.15612	0.2895	0.0244	0.24505	0.08311	0	0	0.05135	0	0.02466	0.06868	0.11798	0	0	0.01221	0.03943	0.14002	0.16661	0.10293	2.42978	0.06282	0.07727	0.05567	0.45379	0.2717	0.95713	0.3513	0.81326	0.00689	0.28209	0.06586	0	0.02761	0.0304	0.18064	0.28802	0.13577	0.07645	0.15009	0.01506	0.15391	1.14906	1.26036	0.32196	0.00626	0.09262	0.02728	0.152	0.0587	0.01397	0.0472	0.05336	0.18481	0.00426	0.0302	1.83998	0.04399	0	0.03794	0.00443	0	0.18977	0.20445	0.0123	0.15677	0.05015	0.13645	0.03057	0.08642	0.08574	0.05941	0.17497	0.13952	0.0897	0.0444	0	0.0013	0.13321	0.51022	0.01949	0.05775	0.04021	0.03637	0.0958	0.55719	0	0.307	0	0.18019	0.19788	0.02819	0.21864	0.16172	0.32165	0.2284	0.00561	0.02987	0	0.2042	0	0.23049	0.07718	0.00217	0.04124	0.00112	0.10993	0.24493	0.04859	0.13804	0.54424	0.12185	0.31757	0.14391	0.09003	0.10123	0.04233	0.10682	0.0289	0.14845	0.04361	0.29108	0.03765	0.00353	0	0	0.0241	0	0.22729	0.00824	0.14639	0.02564	0.18353	0.03475	1.19461
220500001177-C09	0.10815	0.06938	0.04282	0.00214	0.04747	0.012	0.0019	0.07729	0.66404	0.85833	0.04518	0.0442	0.37941	0.01241	1.07225	0.00618	0.00061	0.01634	0.0304	0.06713	0.03945	0.11761	0.50673	0.02178	0.00054	0.02809	0.00357	0.14267	0.63149	0.04333	0.03851	0.30846	0.04	0.02442	0.66162	0.51559	0.42759	0.55118	0.29991	0.02803	0.05046	0.34446	0.23543	0.21254	5.97611	0.86724	3.09768	0.1394	0.19708	1.47018	20.46242	0.31171	2.32543	0	0.58012	3.90529	1.31694	0.84345	0.01159	0.02408	2.49904	1.74215	0.12422	6.5572	0.03594	0.96004	0.32221	0.0656	0	0.22642	1.72756	0.40535	0.03913	0.37094	0.6935	1.06065	0.30673	0.22608	0.07902	0.40234	1.19858	3.38162	1.23134	0.00246	0	0.09964	0	0.05586	0.05952	0.03327	0	0	0.05076	0.03007	0.02157	0.15763	0.21824	0.42258	0.01625	0.05787	0.04658	0.15918	0.12687	0.17771	0.09393	0.24249	0.00923	0	0.03562	0	0.08315	0.54852	0.07328	0.45347	0.06188	0.06425	0.07178	0.01361	0.19681	0.54669	1.10817	0.24071	0.06038	0.12576	0.04861	0.27329	0.07472	0.05368	0.06846	0.14303	0.41576	0.01066	0.0711	0.95329	0.02046	0.0281	0.17077	0.07123	0.00638	0.3336	0.01812	0	0.21379	0.06982	0.58256	0.05147	0.06681	0.12397	0.10345	0	0.00558	0.24691	0.30687	0	0	0.00191	0.73541	0.12483	0.15552	0.03705	0.0576	0	0.84648	0	0.97641	0	1.88145	0.94527	0.04667	0.19148	0.60549	1.36139	0.214	0.07678	0.03667	0.65859	0.23222	0	0.26696	0.05809	0.00591	0.04593	0.00184	0.02699	0.1063	0.03493	0.23917	0.4405	0.32672	0.15781	0.37008	0.06357	0.01937	0.01023	0.07623	0.02316	0.11162	0.02973	0.04932	0.04141	0	0.00238	0	2.36864	0	0	0.01732	0.45542	0.00411	0.6905	0.01694	0.4399
220500001177-D01	0.01676	0.4325	0.46939	0.01449	0.20502	0	0	0	0	0.04099	0	0	0.00491	0	1.52103	0	0.07647	0	0.05647	0	0.04643	0.28904	0	0	0	1.22689	0	0.72218	0.1767	0.32762	2.47851	0.55573	0.15045	0.05205	4.94309	0.05961	0.02242	0.00876	0.05596	0	0	0.00035	0	0.01497	0.40858	0	0.51188	0.01944	0.18057	0.5932	4.50045	0.00113	0.34801	0	0.94921	0.30849	3.00486	0.27495	0	0.57737	5.33063	0	0.09759	7.67907	0.20406	1.01201	3.20726	0.62508	0.11753	0.68103	1.04023	0.0557	0	0.3235	0.00438	0.1899	0.09113	2.18429	0	0	0.08301	0.03559	0	0	0	0	0	0.81734	0	0.08023	0	0	0.08975	0.04781	0.19088	1.82846	0.07345	0.53424	0.00834	0	0.15204	0.09331	0.04879	0.02191	0.12902	0	0.04851	0	0.08952	0.0084	0.61889	0.01301	0	0.00038	0.23865	0.30262	0	0	1.15766	0	1.4371	0.69007	0	0.85263	0.0587	0	0	0	0	0	0	0.00139	0.65863	0	0.01376	0	0.35475	0	0	5.04424	0.80286	0	0	1.73421	1.14733	0	0.35849	0.00431	3.06018	0	0.25151	0.37068	0	0	0.22264	0	0	0.10958	0.06821	0.17708	0.17852	15.17249	0	0	0.63577	0	0	2.04685	0	1.31068	0	0	0	0.06584	0.0075	0	0.34416	0	0.6644	0.12769	0	0	0	0.0271	0	0.82795	0.22074	0	0.21598	0.07755	1.37902	0.03144	0.02142	0	0.04252	0.27189	0.31559	0	0	0.07725	0.00317	0	0	0	0	0	0.03137	0	0.34667	0.32879	1.10435	1.48991
220500001177-D02	0.16272	0.01949	0.22527	0.0391	0.04208	0.09891	0.05928	0.00199	0.01731	0.06429	0	0.00043	0.03034	0	1.51592	0.00035	0.03049	0.00136	0.05071	0.00411	0	0.01912	0.04401	0.00406	0	0.04607	0	0.18375	0.21935	0.04197	0.00967	1.1779	0.04286	1.02838	1.24634	1.4655	0.02945	0.08472	0.08884	0.14897	0.09205	0.42067	0.30931	0.17486	0.76879	0	4.07505	0.71575	1.5596	2.43227	7.95405	0.43887	2.69088	0.00562	1.0008	0	0.00207	2.04101	2.31585	0.07806	8.40159	4.28161	0.20044	11.7381	0.12218	0.92592	0.89501	0.11536	0.00527	0.6922	5.01404	0.24981	0	1.13686	0.16308	0.83249	0	0.13424	0	0.19881	0.24613	1.03342	0.2124	0	0	0	0.12083	0.20053	0.0514	0	0.00116	0.07607	0.04286	0.09096	0.61459	0.39528	0.0842	1.97922	0.03958	0	0.12258	0	1.94072	0.78618	0.01504	0.2777	0	0	0.06974	0	0.0143	0.01901	1.53878	0.0264	0.06883	0.07168	0.23289	0	0.14123	0	4.38911	1.2251	0.26914	0.12404	0.01496	0.00069	0	0.1119	0	0.03676	0.14494	0.00321	0.01811	0.06456	0.02187	0	0.10485	0	0.00383	1.00042	0.17131	0	0.07277	0.20691	0.01349	0.00868	0.02286	0.09621	0.06995	0	0.08084	0.0287	0.01836	0	0.11558	0.00376	0	0.00151	0.01559	0.11166	0.03214	0.00316	2.1565	0	0.1537	0	1.65073	0.0068	0.01164	0.08936	0.01501	1.51602	0.29179	0.00251	0.10408	0	0.18542	0	0.18779	0.06634	0	0.04064	0.01092	0.02279	0.00241	0.28854	0.10513	0	0.00507	0	0.19623	0.02476	0.00101	0	0.02059	0.02416	0.05632	0	0.72462	0.00341	0	0.01663	0	0	0	0	0.01336	0.09173	0.09583	0.0954	0.083	2.0913
220500001177-D04	0.20549	0.13427	0.77772	0.22401	0.08376	0.03586	0.02818	0	0.01687	0.02663	0	0	0.00299	0	0.77525	0.0023	0.04516	0	0.0499	0	0.01752	0.03805	0	0.01545	0	0.04458	0.15558	0.09581	0.14886	0.02891	0.00404	0.34404	0.09493	0.0937	0.09867	1.03439	0.5465	0.42961	0.61665	0.04618	0.02362	0.25815	1.48455	0.06954	2.5298	0.31829	3.63889	1.10528	4.50014	2.04642	7.32153	2.0457	2.08709	0.49561	1.13159	3.34078	1.86092	1.55592	0	0.11511	2.44903	0	0.2803	4.18678	0.07088	1.26635	0.61888	0.38094	0.02005	0.57654	7.73776	1.53144	8.63682	0.76988	0.08799	0.40656	0.71926	1.69765	0.03494	0.17322	0	0.06408	0.03996	0	2.31936	0	0.33081	0.13445	0.06036	0.03864	0.03178	0	0.02603	0.05595	0.01191	0.34438	0.16777	1.04203	0.0246	0	0.04292	0.14169	0.01757	0.20919	0.18206	0.20174	0.01205	0.10324	0.05635	0.00429	0.14682	0.10945	0	0.20751	0.12384	0.14463	0.00426	0.04596	0.26561	0.07839	1.58406	0.46483	0	0.05611	0.02687	0.63888	0.15744	0.00793	0.04303	0.04019	0.12091	0.00172	0.01189	3.4642	0.07325	0.02511	0.23806	0.00069	0.01025	0.24426	0.15984	0	0.24569	0.34423	0.09084	0	0.17758	0.11177	0.04205	0	0.21835	0.12941	0.04667	0.60539	0.02437	0	0	0.02396	0.01615	0.06116	0.06785	0	0	0.16776	0.58015	0.00759	2.00604	0.90372	0.02125	0.29965	0.01864	0.70712	0.1048	0.00436	0.03896	0.01643	0.32137	0.24335	0.40017	0.10907	0	0.04732	0	0.29112	0.25839	0.17691	0.16758	0.16975	0.11083	0.04357	0.26406	0.09717	0	0.03442	0.05905	0.04179	0.15939	0.04351	0.03031	0.04631	0.01131	0	0	0.15035	0	0	0.1861	0.0778	0.09914	0.31137	0.10695	0.64447
220500001177-D05	0.07798	0.017	0.08178	0.04099	0.00912	0.03174	0.30178	0.00446	0.01518	0.02078	0	0	0.01273	0.00896	0.46897	0.00611	0.00353	0.00322	0.01621	0.01136	0.01632	0	0	0.00354	0	0	0.1023	0.074	0.14524	0.01749	0.24287	0.52599	0.05412	0.6165	0.13626	1.70756	0.7815	0.5349	0.53757	0.00966	0.05198	0.48672	2.33332	0.20575	1.52253	0.25332	4.23105	1.65868	10.45671	3.0506	8.08014	1.8637	3.65296	1.48497	1.33608	0.39932	1.4379	0.92691	1.04314	0.42576	1.82377	1.0446	0.4276	3.59755	0.68318	1.47508	0.77155	0.48853	0.01699	0.62485	8.86848	1.33408	12.03305	0.73433	0.16585	0.35088	0	0.07732	0.12361	0.47045	0.01386	0.12503	0.09716	0	0	0	0.33575	0.03076	0.04227	0	0.05266	0.00086	0.00591	0.03748	0.16241	0.09345	0.06545	0.75524	0.01268	0	0.03337	0	0.02359	0.13581	0.06437	0.14245	0.00088	0.31347	0.01827	0	0.01655	0.00839	0.07609	0.08958	0.03853	0.05925	0.19253	0	0.08871	0	0.73681	0.22091	0	0.03635	0.00202	0.20144	0.04665	0.00394	0	0.03622	0.24793	7e-04	0	0.9106	0.03634	0	0.15465	0	0.00116	0.10804	0.03208	0	0.03359	0.05483	0.0623	0.0226	0.0147	0.03447	0.02243	0.10851	0.06454	0.04914	0.07023	0	0.0103	0.00044	0.16712	0.02987	0.01643	0.03879	0.01743	0	0.14592	0	0.20041	0	0.34775	0.53911	0.00866	0.03369	0	0.71277	0	0	0.02223	0.08807	0.1152	0	0.06316	0.07121	0	0.01653	0.04098	0.21018	0.13242	0.00114	0.03476	0	0.00049	0.09179	0.10648	0.30251	0	0.00773	0.01404	0.11848	0.17588	0.0037	0.24798	0.03893	0	0.10983	0.00607	0.43883	0	0	0.11469	0.34113	0.03266	0.16	0.02894	1.17119
220500001177-D07	0.19799	0.02776	0.25431	0.04719	0.03715	0.08692	0.147	0.03902	0.39564	0.51457	0.04247	0.01561	0.22738	0.08909	0.74249	0.01429	0.01808	0.09195	0.05435	0.00608	0.02712	0.12048	0.05076	0.03203	0	0.02129	0	0.38988	0.5012	0.05576	0	0.21909	0.05794	0.00263	0.62019	0.80686	0.37329	0.55135	0.21119	0	0.06592	0.1376	0.18533	0.14928	7.86573	0.84986	3.71908	0.33753	0.06109	1.98535	12.29717	0.18245	0.01009	0	0.49672	5.10866	1.51745	1.38496	0	0.3426	2.02572	0	0.3138	6.43244	0.04838	2.57565	0.53025	0.09594	0.00528	1.43333	0.63928	0.1788	0	0.55046	0.64367	0.76181	1.67613	0.20248	0	0.44123	1.0879	2.27455	1.81847	0.01537	0.94395	0	0.31054	0.08374	0.10216	0.10475	0.05693	0	0.05121	0.07598	0.02474	0.70294	0.1835	1.37301	0.03644	0.01826	0.09511	0.38057	0.08315	0.07555	0.18879	0.89224	0.01154	0.00616	0.06132	0.00672	0.08275	0.11695	0	0.17576	0.06087	0.05928	0.43121	0.06379	0.09236	0.1162	3.01327	0.3096	0	0.07567	0.04424	0.1311	0.31107	0.01003	0.0185	0.27027	0.53707	0.012	0.05781	2.49393	0.0243	0.0055	0.34147	0.01447	0.00856	0.02938	0.1308	0.07848	0.21155	0.34324	0.48072	0	0.12843	0.16311	0.03882	0	0.13134	0.31948	0.10798	0.6787	0.03809	0	0.05886	0.112	0.06094	0.0295	0.0316	0.11338	0	0.14073	1.01981	5e-04	1.16288	0.2599	0.12793	0.2371	0.01616	1.23625	0.02668	0.13126	0.09672	0.51649	0.02356	0.02502	0.14553	0.13024	0.00443	0.06628	0	0.21676	0.10732	0.08491	0.17738	0.4578	0.02081	0.01155	0.83371	0.06762	0	0.01042	0.03427	0.04531	0.15215	0.05283	0.07714	0.04358	0.00185	0.06818	0.12161	3.92463	0	0	0.21646	0	0.00361	0.40211	0.00581	1.27315
220500001177-D08	0.10752	0.00912	0.14533	0.00533	0.02535	0.06575	0.82585	0.09421	0.33243	0.19924	0.01627	0.0313	0.21713	0	0.52164	0.00562	0.00509	0.08621	0.0177	0.21074	0.00208	0.00935	0.18261	0.00486	0	0.0124	0.13084	0.12651	0.4101	0.04356	0.00321	0.12725	0.03343	0.19999	0.071	0.57694	0.47892	0.45357	0.38148	0	0.02755	0.18109	0.36572	0.15365	1.77713	0.45164	2.70024	0.16173	11.43744	3.35873	13.17165	2.42887	1.26064	0.0636	0.94137	0.06978	0.26018	0.79395	0.06186	0.32062	3.56893	0.98561	0.16375	5.01642	0.10871	1.1695	0.37234	0.13459	0.00504	0.50311	6.46467	0.47915	1.27729	0.36522	0.28303	0.49198	0	0.20371	1.28063	4.9017	0.71348	3.15569	2.24371	0.0143	0	0	0.28849	0.05	0.10826	0	0.04665	0.01271	0.04735	0.06591	0.03394	0.41141	0.09841	0.47462	0.00931	0	0.03971	0	0.05424	0.35275	0.06119	0.21756	0.0041	0.08022	0.04083	0.01183	0.0199	0.25035	0.05822	0.20482	0.03016	0.05256	0.16609	0	0.05987	0	1.06587	0.61506	0	0.0557	0.01745	0.19975	0.19177	0.05652	0	0.17884	0.79374	0.00498	0.01108	0.04983	0.02879	0	0.45881	0	0.00882	0	0.04221	0	0.01616	0.10154	0.75771	0.06034	0.05745	0.08653	0.02405	0.15458	0.21337	0.07915	0.17443	0	0.0083	0.00123	0.36997	0.02279	0.03074	0.04484	0.02106	0.0074	0.0479	0	0.536	0	2.71015	1.2739	0.32483	0.00901	0.00736	0	0.11925	0.19152	0.01393	0.41428	0.01682	0	0.14323	0.07882	0	0.03054	0	0.14861	0.04938	0.00903	0.01144	0	0.00894	0.10044	0.12671	0.02558	0	0.00148	0.01805	0.03664	0.10849	8e-04	0.08035	0.04123	0	0.06724	0.07286	1.96661	0.00817	0	0.02391	0.51407	0.00227	0.28859	0.00484	0.43448
220500001177-E01	0.04081	0.29248	0.07508	0.01085	0.13292	0	0	0	0.00988	0.02257	0	0	0.00044	0	1.17624	0	0.18021	0	0.09252	0	0.05472	0.84269	0	0.01008	0	0.30737	0	0.59109	0.82344	0.22343	0.12585	0.32779	0.02925	0	2.43424	0.10474	0	0.01459	0.00329	0.0047	0.01819	0.06596	0.02591	0	0.34171	0	2.34802	0.07132	0.79626	3.25708	2.92308	0.06995	2.08483	0	0.49129	0.03369	8.80281	1.86251	0	0	5.79099	3.22878	0.05682	6.2925	0.03532	0.61628	0.4709	0.11933	0	0.13474	1.08032	0.01664	0	0.06693	0.01235	0.33813	0.26534	5.76196	0	0.2851	0.09748	0.08015	0.07648	0	0	0	0	0.94871	0	0.08284	0.04143	0	0.26398	0.16136	0.37734	2.25875	0.00319	1.00249	0.09298	0	0.16526	0.255	0.64004	0	0.12561	0	0.03666	0	0.14093	0	0.6788	0.11738	0	0.06964	0.03517	0.21562	0.01187	0	0.94481	0	2.61367	0.37995	0	1.36943	0.00735	0	0.04159	0	0	0	0.01247	0.00075	0.30938	0	0	0	0.11485	0	0	2.81318	0.40078	0.26613	0	1.11344	0.34477	0	0.1901	0.26123	0.96613	0	0.02964	0.17635	0	0.01192	0	0	0	0.06578	0.01283	0.05396	0.10289	11.69195	0	0.36155	0.90336	0	0.27323	4.39054	0	0.22368	0	0.0908	0	0	0	0	0.06117	0	0.26679	0.04185	0.0306	0.02147	0	0.03191	0	0.29003	0.48716	0	0	0	0.64276	0	0	0	0.05358	0.04685	0.21597	0	0.15881	0	0	0	0	0	0	0.03357	0	0.04047	0.00172	0.53434	0.06602	2.761
220500001177-E04	0.11109	0.20006	1.1658	0.07686	0.13101	0.01978	0.01881	0	0.00117	0.00434	0	0	0	0	0.92961	0.00685	0.1404	0	0.05541	0	0.07137	0.04389	0.00038	0.04003	0	0.09132	0.06605	0.18577	0.11047	0.07933	0.3132	0.57361	0.11231	0.35165	0.16959	1.26451	0.53337	0.52632	0.47459	0.12518	0.04205	0.66001	1.98281	0.08459	0.94952	0.12629	3.73409	1.25448	7.98444	2.36924	6.52112	2.06262	4.11493	2.29919	1.0828	2.60361	0.79364	0.77562	0	0.34092	0.75226	0.37851	0.30812	2.7665	0.21071	0.62775	1.33382	0.94102	0.05477	0.25006	7.22448	1.36843	6.16058	0.73208	0.20667	0.38509	0.66108	4.79566	0.06275	0.27604	0.00073	0.05376	0.08355	0	0.74157	0	0.39845	0.11063	0.01848	0.01129	0.00225	0	0.12337	0.11581	0.10636	0.7754	0.14143	0.49543	0.02024	0	0.03655	0.00562	0	0.04216	0.05557	0.18266	0.0308	0.26284	0.04003	0.00348	0.22808	0.20399	0	0.14396	0.01365	0.28023	0	0.10739	0.51171	0.11978	0.37554	0.10108	0	0.1123	0.02025	0.55773	0.19849	0	0.10391	0.1285	0.2116	0.00174	0.06261	1.01295	0.1084	0	0.15122	0	0.01673	0.08242	0.26384	0.00021	0.25724	0.25525	0.04474	0	0.0828	0.09222	0.11307	0	0.09824	0.08971	0.04569	0.04257	0	0	0	0.0203	0.01979	0.06258	0.08983	0.49836	0	0.13074	1.19799	0	1.34321	0.91416	0.05512	0.12079	0.01957	0.0028	0.11547	0	0.19455	0.01753	0.04719	0.77053	0.52775	0.16475	0.02154	0.07268	0	0.19577	0.59045	0.13271	0.41557	0.55086	0	0.00472	1.09342	0.80086	0.00876	0.04829	0.08811	0.0483	0.10891	0.04334	0.13616	0.10827	0.02859	0	0.02141	0.14797	0	0	0.03085	0.24433	0.0245	0.54801	0.14914	0.34745
220500001177-E07	0.02471	0.02974	0.05937	0.01911	0.02985	0	0.11215	0.05764	0.06368	0.3862	0.12093	0.01811	0.1875	0	0.4533	0.01628	0.01606	0.00378	0.02796	0	0.05024	0.05731	0	0.00402	0	0.09679	0.0207	0.0784	0.49301	0.16174	3.27206	0.13008	0.04076	0.08346	0.3135	0.45874	0.27064	0.6591	0.31887	0.03052	0.03031	0.27571	0.35632	0.08697	2.3282	0.2567	4.65731	0.39814	4.73076	4.57703	11.68128	0.83494	3.70522	0	2.70698	1.08002	0.98896	0.98659	0	0.01745	1.88747	0.7911	0.1724	4.09108	0.04649	1.08804	1.82833	0.14694	0.01991	0.44603	9.16785	0.40086	4.41615	0.03391	0.20616	0.54011	1.04142	0.18831	0	0.93291	1.16232	3.14034	1.45952	0.0161	0	0	0	0.12177	0	0.03556	0.07955	0	0.117	0.10946	0.2468	0.68948	0.06212	0.49929	0.00416	0	0.07454	0.02423	0.06815	0.0511	0.07791	0	0.00617	0.0068	0.0683	0.00695	0.18959	0.00386	0	0.09604	0.1622	0.08119	0	0	0.50837	0	2.94012	0.24208	0	0.36138	0.03191	0	0.01815	0	0	0	0.03168	0.00165	0.10382	0	0.00165	0	0.15314	0	0	0.10851	0	0.00322	0.02912	0.32529	1.03807	0	0.33836	0.12831	1.12129	0	0.29364	0.29465	0.02428	0.1848	0.01561	0	0.05828	0.00665	0.03971	0.06981	0.04272	2.34565	0	0.01265	1.42775	0	0.8101	0.46511	0	0.08027	0	0.00383	0	0	0.01163	0	0.06581	0	0.1336	0.04379	0	0.02087	0	0.00971	0	0.09129	0.01485	0.00963	0.21368	0.07647	0.36641	0.00843	0	0.00027	0.08581	0.05718	0.12838	0	0.06911	0.01047	0.00188	0.02842	0	0	0	0	0.12101	0.01914	0	0.21654	0.00139	0.56141
220500001177-F03	0.20818	0.17356	0.56308	0.08873	0.3276	0.02993	0.01659	0	0.00617	0.03696	0	0	0.01021	0	2.02615	0	0.02794	0.00438	0.06337	0.0254	0	0.17436	0	0.06511	0	0.30381	0.12294	0.31819	0.65516	0.04991	1.53137	0.57856	0.23031	0.28719	0.11462	1.11257	0.45439	0.44144	0.26161	0.12652	0.15434	0.14031	0.05994	0.11584	0.39976	0.06819	4.58646	0.06849	0.80384	0.97997	16.88128	0.37424	1.31518	3.24519	2.67317	1.06379	0.53626	0.03058	0.04895	0.11037	3.14425	0.07239	0.1856	6.13347	0.30548	1.24855	3.90148	0.3073	0.02504	0.0563	5.19246	0.08335	0	0.70953	0.12262	0.37926	0.23485	1.39911	0.13365	0.7787	0	0.04068	0.13659	0	0	0	0.10251	0.36584	0	0	0	0	0.04898	0.00953	0.42431	0.61057	0.14499	0.00088	0	0	0.03389	0	0	0.0143	0.00113	1.13553	0.00946	0.07452	0.04926	0.04069	0.24354	0.12591	0	0.10792	0.08189	0.32031	0.05203	0	0.43034	0.02721	0.04668	0.14267	0	0.09616	0.06962	0.0116	0	0	0.03614	0.04371	0.3983	0.01042	0.06114	1.6209	0.1501	0.28231	0.27243	0.07905	0.01269	1.68887	0.31911	0.72262	0.31307	0.42425	0.06918	0.03377	0.07108	0.41811	0.30746	0.0125	0.05937	0.16265	0	1.06517	0.10236	0.03147	0.46784	0.01063	0.09774	0.12802	0.15292	0	2.52795	0	1.05003	0.05322	0.05943	0	0.04911	0.43085	1.5989	0.0025	0	0.14784	0	0.07579	0.98303	0	0.39311	0.37266	0	0.07276	0	0.08006	0	0.73403	0.39234	0.03688	0.19481	0	1.39676	0.49447	0.19433	0	0.11211	0.54877	0.20144	0.03519	0.03082	0	0.00475	0.07762	0	0	0	0	0.01376	0.40774	0.78145	0.61677	0.21673	2.46907
220500001177-F06	0.02799	0.0373	0.01421	0	0.01432	0	0.00632	0	0.01817	0.02945	0	0	0.00764	0	0.32125	0	0	0.00256	0.03087	0	0.0537	0	7e-04	0.00659	0.00305	0.01132	0.01563	0.03504	0.04119	0.01151	0.045	0.7042	0.21443	0.43787	0.05972	1.37897	0.52095	0.72195	0.57099	0.47895	0.18348	0.566	0.44419	0.10513	0.77655	0.03577	1.63615	1.55829	5.16427	0.93148	11.06454	2.86985	6.18169	16.74838	0.95091	4.60813	0.02496	0.83829	2.94699	0.42778	3.40265	0	0.37298	3.32797	0.34943	1.05098	0.9694	0.7715	0.06664	0.29571	12.69343	0.31351	0	1.93661	0.10122	0.53426	0	0.07093	0.07097	0.2959	0	0.31363	0.0611	0	0	0	0	0.03979	0	0	0	0	0.00721	0.01419	0.43612	0.17869	0.03642	0.58675	0.00488	0	0.00672	0	0.00855	0.00678	0.01634	0.52943	0	0.03696	0.00559	0	0.0616	0	0	0.02029	0.1507	0.05785	0.03074	0	0.05255	0	0.32252	0.22304	0	0.02253	0.00752	0.14011	0.04652	0.00974	0	0.10181	0.18638	0	0.00088	0	0.01457	0	0.02955	0	0	0.04831	0.01909	0	0	0.03978	0.26757	0	0.03234	0.05882	0.01616	0	0.01744	0.03345	0.01244	0	0.00244	0	0.03807	0.02049	0.01437	0.02503	0.01032	0.00332	0	0	0.04301	0.00698	0.20846	0.22162	0.00439	0.03385	0	0.45272	0	0	0.00329	0.09881	0.04426	0	0.0744	0.03095	0	0.01244	0	0.02492	0	0.03897	0.01481	0.17966	0.0183	0	0.05976	0.01359	0.01038	0	0.01283	0.00135	0.1081	0	0.26316	0	0	0.14554	0.01898	0.34502	0	0.18039	0.10393	0.59973	0.03205	0.03762	0.00438	1.61506
220500001177-F09	0.37451	0.02743	0.26399	0.06562	0.12289	0.1862	0.05004	0.05144	0.4038	0.69986	0.02187	0.01514	0.26351	5e-04	1.88037	0.01059	0.00877	0.09305	0.09806	0.22455	0.00023	0.2332	0.14075	0.04924	0.03523	0.07364	0.03928	0.35767	1.152	0.03124	0.24	0.12157	0.04171	0.2033	0.33953	1.34261	0.24529	0.35583	0.26469	0.02642	0.05891	0.22829	0.05298	0.12614	2.73599	0.04547	4.33977	0.10391	1.01052	0.52549	8.10416	0.91663	2.97119	0.10016	0.72082	4.00345	0	0.7358	0.04664	0.0209	4.35539	0.0073	0.18432	11.07219	0.05297	1.40902	0.71082	0.09146	0.00277	0.4624	4.46075	0.22669	0	0.48954	0.36165	0.71968	0.16823	0.45632	0.03021	0.66809	0	3.54349	0.3957	0.00295	0	0	0.0758	0.13599	0	0	0	0	0.0888	0.02967	0.00154	1.65684	0.2424	0.5218	0.02594	0	0.07338	0.2792	0.19133	0.48072	0.14545	0.77258	0.0148	0	0.06002	0.01849	0.06038	0.25394	0.12088	0.44759	0.34187	0.13001	0.14024	0	0.2294	0.88288	1.9713	0.2576	0	0.08734	0.02221	0.67737	0.44363	0.08189	0.04623	0.21659	1.05067	0.01025	0.14097	2.25305	0.02983	0	0.14809	0.07344	0.00585	0.72943	0.12006	0.00568	0.02066	0.35673	0.75826	0.0802	0.05982	0.09731	0.06286	0.00132	0.11505	0.25948	0.04392	0.13168	0.02079	0	0.35087	0.06122	0.19001	0.0458	0.0967	0.17027	1.63563	0	0.76277	0	2.72581	1.11349	0.08829	0.06411	0.01399	0.12961	0.66542	0.32463	0	0.0196	0.73718	0	0.30174	0.23413	0.00519	0.07434	0	0.12246	0.0032	0.88721	0.17846	0.07871	0.24356	0	1.42743	0.20916	0.01536	0	0.03706	0.16353	0.21085	0.09199	0.18257	0.00261	0	0.04558	0.0336	0.15843	0	0.03703	0.02139	0.20397	0.02817	0.42793	0.03913	0.6509
220500001177-G01	0.18673	0.20742	0.50205	0.04661	0.22721	0	0.01722	0.00356	0.04476	0.05024	0.00296	0	0.02543	0.01205	1.12364	0.01919	0.25521	0.00201	0.105	0.12984	0.02095	0.0328	0.00161	0.01254	0	0.34329	0.02655	0.58609	0.61044	0.06923	0.18501	0.34967	0.08339	4e-04	1.39515	0.54563	0.02917	0.04015	0.03956	0.05575	0.05164	0.12597	0.34612	0.08998	0.01916	0.07405	4.60507	0.45575	1.14957	5.22232	5.407	0.15572	4.88613	0	0.5737	2.08461	2.63547	1.99141	0.45206	0.04795	2.64209	2.38618	0.0966	7.30248	0.12055	0.64114	0.43723	0.1105	0	1.24247	3.44583	0.06573	0	0.82545	0.05174	0.56897	0	0.83846	0.02247	0.30008	0.17435	0.04915	0.11958	0	0	0	0	0.20961	0	0.17625	0.30027	0	0.14161	0.10648	0.14913	0.61799	0.06016	2.79612	0.05402	0.06195	0.52639	0.00096	1.02697	0.22308	0.05722	0.51088	0.0303	0.06788	0.0817	0.00266	0.16005	0.16997	0	0.16947	0.05508	0.18472	0.09593	0	0.26057	0.00027	5.70155	0.33906	0.12821	0.16961	0	0	0.12133	0.16573	0	0	0.03672	0.00676	0.22594	0	0.02695	0.00949	0.06048	0	0.02075	2.27973	0.49696	0.00285	0.08164	0.52629	0	0	0.0661	0.24995	0.30808	0	0.18367	0.26469	0.02415	0	0	0.57632	0	0.02545	0.18421	0.04184	0.07377	5.81276	0	0.37695	0.51035	0.07563	0.92376	0.45986	0	0.58197	0.14543	4.39811	0	0	0.00216	0.00258	0.20592	0	0.4447	0.1134	0.00485	0.07765	0	0.24353	0	0.35247	0.17748	0.01506	0.0499	0.5827	0.61535	0.12412	0.03732	0	0.10558	0.05412	0.11305	0	0.41517	0.04434	0.00164	0	0	0	0.00132	0	0.01068	0.0949	0.0758	0.26158	0.09154	2.4006
220500001177-G03	0	0.27187	0.32896	0.02303	0.21165	0	0	0	0.01195	0.01913	0	0	0.00609	0	2.02304	0.01742	0.12499	0	0.13285	0	0.03074	0.01878	0	0.00797	0	0.5261	0	0.77312	0.51588	0.10372	1.57505	0.09804	0.02608	0	0.79483	0.11326	0.03805	0.14017	0.00092	0	0.0017	0.09377	0.11323	0.06358	0.06622	0.00948	1.00927	0.30976	1.25919	1.73483	3.78487	0.18636	2.09251	0	0.27791	1.27442	0.90039	0.27396	0.25291	0.03396	4.42053	3.29706	0.07796	7.7365	0	0.52677	0.30757	0.0592	0.00243	1.40904	2.69013	0.03226	0	0.04482	0.07508	0.29955	0	0.74097	0.01394	0.07552	0.01613	0.0669	0.03059	0	0	0	0	0.48716	0	0	0	0	0.13204	0.0499	0.77949	2.73152	0.04335	0.06897	0.01687	0.08896	0.05249	0.15637	0.15367	0.00385	0.00789	0.19432	0.06962	0	0.15236	0	0.33261	0	0	0.35289	0.37328	0.20555	0.0137	0	2.12382	0.35554	1.54382	0.13149	0.17716	2.21633	0.08498	0	0	0	0	0	0.00147	0.01615	0.55778	0	0.01328	0	0.17439	0	0	1.31191	0	0.01162	0.00892	1.03072	0.38021	0	0.66335	0.19008	1.92768	0	0.59465	0.27584	0.11112	0	0.09958	0.84944	0.02082	0.0095	0.08131	0.11678	0.04733	21.98119	0	0	0.63749	0.02022	5.16755	0	0	0.48572	0	0	0	0	0	0	0	0	0.57791	0.07505	0	0.27486	0.01912	0.02147	0	0.45914	0.25748	0	0.55169	0.54399	0.63551	0.017	0.04435	0.03938	0.22031	0.21382	0.17378	0	0.04046	0.03458	0.00128	0	0	0	0	0	0	0.04184	0.16109	0.17284	0.40693	1.49543
220500001177-G04	0.18864	0.12508	0.70453	0.0962	0.08819	0.13638	0.00015	0	0.02093	0.02915	0	0	0.01081	0	1.1735	0.01817	0.11757	0	0.04385	0	0.21	0	0.03332	0.03216	0	0.03609	0.18186	0.11617	0.10372	0.02112	0.0928	0.28852	0.07567	0.22369	0.1045	1.16882	0.55144	0.46451	0.48665	0.10487	0.06832	0.29899	1.00538	0.13702	0.36772	0.21304	2.52946	1.17031	6.64434	1.04576	6.90078	1.76369	2.29952	0.64196	1.57321	1.18537	0.98541	1.35065	0.37019	0.49877	1.05195	0.16106	0.35313	3.81363	0.48602	1.01457	1.74684	0.58614	0.03621	0.56351	11.30791	1.48476	12.16553	0.90319	0.07145	0.28729	0.15362	1.89112	0.03759	0.16125	0.00229	0.07583	0.04605	0	1.89965	0.4214	0	0.07215	0.06609	0.04818	0.07023	0	0.02641	0.02354	0.1909	0.16393	0.07311	1.06955	0.01793	0.05662	0.01114	0.02531	0.01453	0.24096	0.07021	0.86265	0.01678	0.19806	0.03615	0.00057	0.12477	0.07498	0.1631	0.41558	0.14233	0.08279	0	0.05878	0.21846	0.21899	1.22483	0.10768	0	0.15117	0	0.58757	0.13432	0.01251	0.01634	0.03106	0.19923	0	0.00083	0.62197	0.07598	0	0.05456	0.00416	0.01432	0.72281	0.28732	0.02704	0.11575	0.11512	0.03384	0	0.06863	0.11422	0.03403	0	0.084	0.12217	0.03884	0	0.00782	0.00565	0	0.01001	0.06681	0	0.05338	0	0	0.08985	0.38798	0	0.95939	1.137	0.02253	0.56794	0.00098	1.88236	0.20109	0.00875	0.07594	0	0.08037	0.7599	0.35596	0.09261	0	0.04977	0	0.30759	0.07971	0.04223	0.07128	0.04521	0.00568	0.02094	0.22512	0.82654	0.09245	0	0.1284	0.06389	0.20924	0.02931	0.29567	0.09159	0.00745	0.00181	0.00449	0.09436	0.00589	0.19245	0.04175	0.29856	0.10139	0.3025	0.12817	0.66992
220500001177-G06	0.07134	0.02949	0.05284	0.04666	0.0135	0.01683	0.01181	0.00277	0.01224	0.02491	0	0	0.00966	0	0.29859	0	0.00636	0.00333	0.01882	0.02496	0.00321	0	0.00027	0.0039	0	0.04175	0.08099	0.04786	0.35917	0.01176	0.81257	0.59771	0.1497	0.13378	0.04974	1.44904	0.59113	0.62893	0.49412	0.00563	0.05314	0.44636	1.34744	0.25792	3.01883	0.4654	4.84234	0.7977	9.6533	3.40737	14.348	1.78002	4.04164	5.55686	0.87651	3.90495	0.52684	1.17772	0.2307	0.12721	3.76998	1.55479	0.45516	4.48433	0	1.90593	1.28855	0.5809	0.03777	0.338	5.71363	0.66715	0	1.19995	0.21248	0.40961	0	0.2166	0.25911	0.87314	0.0018	0.26746	0.21245	0	0	0	0.59951	0.04113	0.03367	0	0.08022	0	0.00989	0.02613	0.03905	0.08598	0.08581	0.57076	0.02062	0.05715	0.18059	0.08835	0.04598	0.19761	0.13838	0.59033	0	0.11972	0.01452	0.00032	0.01967	0.00381	0.05607	0.23066	0.0223	0.06116	0.12654	0	0.05282	0.26351	0.42454	0.21186	0	0.02766	0.01028	0.11091	0.03193	0.0115	0	0.10451	0.58243	0.00168	0.01286	0.84897	0.02347	0	0.1168	0.00725	0	0.02081	0.02423	0	0.0436	0.04512	0.42375	0.01618	0.07443	0.01851	0.06655	0.0621	0.14148	0.04466	0.00286	0	0.05074	0	0.26777	0.00965	0.08076	0.01645	0.01202	0	0.5805	0	0.16382	0	0.29707	0.21052	0.00075	0.15914	0	0	0	0	0.02484	0	0.00437	0	0.09737	0.04768	0	0.0442	0.00503	0.03893	0.09059	0.03795	0.02218	0	0.05217	0.19149	0.23065	0.33182	0.00055	3e-04	0.02345	0.03258	0.12941	0.01757	0.2809	0.07079	0.00328	0.09059	0.02231	0.36717	0	0	0.07006	0.45981	0.01795	0.05956	0.00306	0.49453
220500001177-G07	0.19117	0.04127	0.21977	0.05033	0.02413	0.06984	0.03115	0.02449	0.19055	0.23579	0.01253	0.00853	0.12625	0.00154	1.16294	0.02016	0.04834	0.04354	0.07334	0.00937	0.0817	0.04238	0.19801	0.02992	0.00467	0.11708	0.17627	0.16714	0.75168	0.12162	0	0.20087	0.06882	0.02891	0.4085	0.2272	0.15221	0.18442	0.28472	0	0.02477	0.12759	0.12793	0.18295	0.58427	0.32744	1.62492	0.13566	0	0.75044	11.96198	0.12975	0.93098	0.00166	0.8962	2.04403	1.75834	1.57411	0.10523	0.72573	3.1575	1.66844	0.15894	9.21089	0.06164	1.52596	0.46732	0.09852	0.00673	2.10039	4.85996	0.4998	1.03577	1.03555	0.11093	0.45917	0.12891	0.43761	0.73097	3.69573	0.56307	3.43398	1.65939	0.00377	2.56492	0.76855	0	0.11214	0.15223	0.06026	0.26348	0	0.07035	0.11713	0.53414	0.58529	0.03633	2.2415	0.02534	0.20155	0.0559	0.18395	0.19598	0.15097	0.04677	0.8127	0.01278	0.01556	0.13525	0.04351	0.28489	0.11645	0.34755	0.47008	0.10952	0.05441	0.0062	0.00842	0.20373	1.54844	2.08755	0.46587	0.21207	0.16374	0.0413	0.69079	0.58372	0.07551	0.0782	0.23958	0.35659	0.0101	0.08726	0	0.09612	0.13566	0.08418	0.052	0.01766	0.3682	0.18335	0.00446	0.10782	0.1485	0	0	0.1662	0.22649	0.05482	0	0.12256	0.41671	0.24714	0	0.13618	0.00065	0.00026	0.10186	0.29977	0.00109	0.0446	0.00145	0	0	1.40118	0	1.48091	0.79249	0.06437	0	0.00148	2.356	0	0.06592	0.14705	0.94672	0.04897	0.1333	0.11911	0.14186	0.00859	0.10006	0	0.12291	0.04847	0.06789	0.04878	0.98978	0.00028	0.02883	0.19775	0.02222	0.03251	0	0.09276	0.04469	0.16783	0.03203	0.04129	0.00913	0.00012	0	0.06203	0.712	0.0023	0	0.01123	0.15304	0.00537	0.09794	0.00306	0.72966
220500001177-G09	0.13342	0.13428	0.33795	0.01199	0.03631	0	0.03197	0.02876	0.25248	0.67917	0.00735	0.00501	0.23749	0.03732	0.76783	0.00612	0.02757	0.12886	0.08748	0.17514	0.00799	0.02124	0.07325	0.01148	0	0.15722	0.00869	0.16108	0.76725	0.05927	1.16185	0.32613	0.08976	0.10837	0.78212	0.33807	0.08002	0.21477	0.08601	0	0.01211	0.04163	0.02223	0.10016	2.29908	0.24875	0.80645	0.02702	0.0057	0.02243	8.07719	0.01008	0.05866	0	0.40079	3.91024	0.99224	0.47255	0	0.0855	5.985	3.08895	0.1848	9.04992	0	4.08846	0.46405	0.10184	0.0075	0.21513	0.9202	0.08608	0	1.75	0.06632	0.42992	0	0.33492	2.47102	10.26929	0.51748	2.14815	4.60401	0.00492	0	0	0.30446	0.38025	0.06871	0	0.01058	0	0.07805	0.05236	0.00878	0.25892	0.08911	1.36877	0.03983	0.03076	0.08792	0.27342	0.03194	0.04046	0.07445	1.50204	0.00379	0	0.03198	0.00027	0.15509	0.07642	0.36992	0.66252	0.09715	0.04418	0	0	0.21924	0.27877	0.5335	0.38948	4.23371	0.16766	0.04736	0.11052	0.11016	0.10799	0	0.23095	1.65314	0.0075	0.04589	0	0.0683	0	0.45186	0.01608	0.02728	0.12092	0.08597	0	0.00315	0.16718	1.99728	0.07291	0.20014	0.11938	0.04609	0	0.09435	0.17738	0.07872	0	0.04454	0	0.86672	0.0867	0.21154	0.05949	0.06938	0.02861	1.48119	0	0.59978	0	1.60756	1.01463	0.0541	0.18948	0	0	0	0.08483	0.02331	0	0.12611	0	0.1533	0.15544	0	0.08407	0	0.04734	0.03259	0.05397	0.09833	0	0.03266	0.31933	0.39997	0.14864	0.02903	0.00448	0.03273	0.0268	0.09934	0.03836	0.02275	0.03619	0.00428	0.00278	0.12221	0.11149	0.02416	0	0.08306	0.10663	0.01736	0.11636	0.01368	1.05387
220500001177-H01	0.09729	0.07748	0.42136	0.13519	0.08443	0.00134	0.01756	0.00153	0.02142	0.03296	0	0	0.01654	0	0.61628	0.02819	0.04325	0.00868	0.05184	0.00219	0.03169	0.06551	0.01218	0.00306	0	0.11666	0.01928	0.19773	0.18527	0.07328	0.97461	0.53689	0.22009	0.27574	1.85675	0.74659	0.12275	0.2149	0.48552	0.01828	0.11328	0.18075	0.18372	0.1876	1.33555	1.33568	2.61703	0.33815	0.22972	5.11218	12.96825	0.07493	1.67094	1.1308	1.71785	3.89124	1.01208	2.98603	0.08444	0.18108	4.31939	0.96918	0.33621	5.15821	0.22018	1.76273	1.57118	0.49878	0.05876	0.65652	7.32687	0.50087	0.28024	1.97512	0.0334	0.44081	1.7897	0.68992	0.01251	0.02316	0.02484	0.00726	0.01021	0	6.18053	0	0	0.07676	0.02844	0	0.38278	0	0.04547	0.04556	0.07018	0.05371	0.07993	2.05375	0.03607	0	0.04475	0.20488	0.12825	0.33342	0.10294	0.6515	0.00801	0.0078	0.03144	0.0112	0.10531	0.01707	0.16224	0.22472	0.03593	0.07648	0.06971	0	0.0147	0.39021	1.04801	0.25988	0	0.08922	0.02546	0.20833	0.13777	0.06847	0.04312	0.03842	0.22618	0.00145	0	1.59863	0.05962	0.12171	0.13136	0.03408	0.0024	0.07884	0.10925	0.00011	0.01134	0.13289	0.23475	0	0.07411	0.11922	0.076	0.00752	0.05111	0.1292	0.08462	0	0.07691	0.0154	0	0.08021	0.10241	0.05867	0.02363	0.1674	0.52567	0	0.15961	0	1.02608	0.01444	0.03742	0.06488	0.204	1.09393	0	0.02761	0.05007	0.50467	0.00422	0	0.10046	0.05259	0	0.08824	0.02687	0.09978	0.02917	0.05776	0.1108	0.36144	0	0.00539	0.23095	0.42995	0.02317	0.0189	0.04157	0.04823	0.0432	0.00783	0.35779	0.06708	0.00249	0.09613	0.01103	0.42813	0.00165	0	0.06468	0.08814	0.04644	0.07335	0.01828	1.52847
220500001177-H02	0.05227	0.05908	0.1233	0.02776	0.06169	0	0.00464	0.00454	0.04466	0.0954	0	0	0.0333	0	0.63967	0.00454	0.06452	0.01422	0.04277	0.01824	0	0.00528	0	0	0	0.00922	0	0.12541	0.06668	0.02555	0.47536	1.52991	0.60726	0.01552	1.4081	0.74007	0.1753	0.16302	0.50002	0.04138	0.04464	0.20197	0.36	0.37792	1.41884	1.1124	3.06688	0.22581	0.54733	3.52156	22.51792	0.07449	2.7244	6.61227	2.0789	3.6704	1.3434	2.89586	0.45534	0.41034	6.35801	2.43199	0.35423	0.68612	0.30989	1.71311	1.42621	0.28129	0.03824	0.12121	3.97327	0.46631	0	2.62179	0.12266	0.77541	0	0.51788	0.01986	0.09338	0.06611	0.11525	0.06246	0	0	0.12312	0	0.21474	0	0.09015	0	0.1504	0.04341	0.04056	0.18043	0.18113	0.05297	0.91707	0.01219	0	0.02341	0.00595	0.14046	0.06892	0.04611	0.62341	0.00277	0	0.06692	0.00833	0.07092	0	0	0.12298	0.26102	0.05722	0.02644	0	0.12218	0.04779	1.13163	0.50286	0.04399	0.17456	0.10547	0.13411	0.11402	0	0	0.08863	0.28862	0	0.05743	0.00592	0.02637	0.01384	0.07668	0	0.01618	0.16307	0.07057	0	0	0.13059	0.41352	0.00198	0.05821	0.21656	0.35278	0	0.05202	0.11629	0.08987	0	0.00097	0	0.08546	0.04677	0.0596	0.0317	0.02603	0.34944	0	0.43803	0.54207	0.22419	0.51577	0.29019	0.0069	0.20377	0.04859	1.8524	0	0.01778	0.00375	0	0.04742	0	0.17114	0.06039	0	0.01704	0.00122	0	0	0.17174	0.06256	0	0.08868	0.27017	0.19061	0.08663	0.0264	0	0.02655	0.04061	0.05209	0	0	0.00814	0	0.00834	0.02595	0	0	0	0.0163	0.17728	0.11926	0.09812	0.01301	1.93615
220500001177-H03	0.09845	0.06364	0.17501	0.01831	0.10376	0.06794	0	0	0.06114	0.04796	0.00181	0.00105	0.03563	0	0.39846	0.00221	0.01835	0.02216	0.10049	0.331	0	0.0529	0.07115	0.00593	0.02834	0.08723	0.00429	0.36515	0.16685	0.01841	0.08127	0.76634	0.11398	0.0187	1.67997	1.02601	0.10699	0.49914	0.06272	0.07596	0.03486	0.2211	0.05608	0.29684	0	0.3731	5.36043	0.31088	0.42219	4.27727	7.8768	0.16297	2.95169	0	0.31416	3.98131	1.19027	0.56371	0.71877	0.30988	8.75055	5.8436	0.30399	11.23597	0	2.02085	0.56494	0.11518	0.01334	0.67363	4.09401	0.25827	0	1.88284	0.28208	0.89654	1.25004	0.51222	0.08241	0.68842	0.33009	0.32396	0.27571	0	0	0	0	0.42785	0	0	0.00622	0	0.04454	0.00604	0.339	0.19016	0.04826	1.4941	0.02185	0.02465	0.04004	0.16271	0.16533	0.01562	0.01846	0.07667	0.02871	0	0.02181	0.0027	0.0873	0.07532	0.35323	0.02976	0.25323	0.03805	0.36579	0	0.16014	0.26381	1.58281	0.03953	0.83185	0.22247	0.01286	0.26065	0.0599	0.00704	0.0025	0	0.47943	0.01414	0.11381	0.05419	0.0529	0	0.04994	0	0.00667	0.23945	0.10116	0	0.16048	0.03213	0.09955	0.00713	0.07054	0.02899	0.07054	0.00913	0.21289	0.10116	0.11265	0	0.06866	0	0	0.11938	0.05807	0.06509	0.01368	1.81593	0.13985	0	0.56549	0	0.88104	0	0.03384	0.31967	0.00284	2.29193	0	0.09333	0.142	0	0.08785	0	0.2778	0.12625	0	0.1109	0.01174	0.08618	0.03485	0.24844	0	0.04079	0.21694	0.32546	0.73025	0.18877	0.01439	0.00476	0.10495	0.37776	0.13549	0.01431	0.38733	0.01603	0.00174	0	0	0	0.00129	0	0.10218	0	0.01823	0.05083	0.06487	2.72501
220500001177-H04	0.21948	0.12877	0.29245	0.05855	0.08469	0.0601	0.01626	0.00242	0.03145	0.05938	0.00298	0	0.02043	0.00518	0.39898	0.0073	0.05257	0.00156	0.05232	0	0.10377	0	0.01004	0.00997	0.00827	0.03609	0.2674	0.17056	0.18586	0.04108	0.33627	0.22685	0.08683	0.13952	0.01199	0.80783	0.6053	0.61884	0.46009	0.01855	0.04848	0.19397	0.52466	0.13422	0.60157	0.57874	2.55957	0.88281	1.63066	1.20263	10.86066	0.65014	1.71353	2.54714	1.60111	4.561	1.44584	1.5537	0.17936	0.1242	3.68213	0.27655	0.35393	6.92764	0.18397	1.34382	0.92831	0.30362	0.01535	0.32767	9.76739	0.49526	7.57814	0.84068	0.06721	0.41229	0.09412	0.24011	0.09155	0.2819	0.01532	0.08064	0.07505	0	1.81526	0	0	0.08294	0.02434	0	0.23528	0	0.0223	0.05183	0.15294	0.23968	0.26509	1.44753	0.00899	0	0.13965	0.09498	0.04747	0.17434	0.08273	0.60942	0.01461	0.15769	0.06342	0.00218	0.04934	0.05312	0.27737	0.25061	0.17144	0.15118	0.02153	0.01584	0.08105	0.34798	0.77778	0.25498	0	0.05162	0.01479	0.6555	0.14429	0.0437	0.0819	0.08527	0.34455	0.00668	0	2.10422	0.14187	0.10544	0.11579	0.02396	0.00378	0.22398	0.12439	0	0.06079	0.17543	0.16464	0	0.07912	0.15516	0.03908	0.06126	0.26496	0.1149	0.02542	0	0.03957	0	0	0.044	0.05362	0.06534	0.07886	0.15045	0.05477	0	0.25254	0.13025	1.45414	0.79361	0.05352	0.08611	0.13735	0.84581	0	0.01363	0.10713	0	0.20074	0.63632	0.33228	0.16132	0	0.04924	0.00266	0.35501	0.50696	0.06829	0.23444	0.61306	0	0.57811	0.50813	0.15151	0.0512	0.03958	0.12434	0.15183	0.16815	0.05085	0.057	0.08087	0.00909	0.16957	0.00664	0.15746	0.00543	0.03092	0.05334	0.29727	0.21657	1.07618	0.1585	0.4074
220500001177-H05	0.11738	0.04598	0.27011	0.0258	0.05112	0	0.02318	0.00205	0.02422	0.03373	0	0	0.01236	0	0.51616	0.00347	0.00679	0.00018	0.01334	0.07484	0.00869	0.00351	0.01205	0.01049	0	0	0.03516	0.06775	0.16441	0.0101	0.28758	0.48168	0.04804	0.48453	0.01111	1.255	0.63189	0.66901	0.47334	0.14355	0.04526	0.43749	0.29617	0.27933	2.14913	0.27144	3.40596	1.04806	7.43284	3.67927	13.5709	0.85201	4.14067	12.52447	2.12533	3.12051	0.90581	1.35946	0.29442	0.26297	2.72063	1.22027	0.37717	3.88827	0.16448	1.36179	1.47099	0.32865	0.02075	0.24752	7.21996	0.58986	0	0.62337	0.1976	0.4753	0	0.14956	0.07523	0.22553	0.02055	0.03179	0.05364	0	0	0.19369	0	0.04304	0.00688	0.0557	0	0.00027	0.00985	0.03909	0.06929	0.054	0.04962	1.81704	0.00821	0	0.02647	0.01434	0.01046	0.12141	0.15503	0.74999	0	0.05262	0.02741	0	0.05072	0.01054	0	0.08853	0.09499	0.06096	0.00426	0	0.07245	0.022	1.14979	0.13451	0.01262	0.02275	0.00975	0.20632	0.07563	0.00247	0.01189	0.0286	0.28351	0.00118	0.03813	1.32815	0.0266	0	0.02454	0	0	0.00155	0.07273	0	0.03492	0.02787	0.15024	0.00125	0.034	0.04148	0.04899	0	0.08097	0.11677	0.07166	0	0.01725	0	0.43305	0.02022	0.05826	0.0168	0.01938	0.02667	0	0.31766	0.20814	0.00177	0.2648	0.46024	0.02158	0.1216	0.01079	0.71438	0	0	0.0331	0	0.03952	0.16936	0.11089	0.05521	0	0.05823	0.00581	0.08272	0.10062	0.0458	0.04934	0.35102	0	0.0474	0.10344	0.16428	0.02223	0.00279	0.036	0.10047	0.08315	0.00712	0.0812	0.0506	0.00095	0.1548	0.00133	0.15481	0	0.0675	0.05565	0.53981	0.04556	0.25495	0.03591	0.54505
220500001177-H06	0.10797	0.03215	0.10979	0.03462	0.00276	0.02378	0.02555	0.00449	0.02705	0.04247	0	0	0.01663	0.00013	1.19111	0.00242	0.00708	0.00662	0.03468	0.03147	0.09493	0	0.00112	0.0222	0	0.01493	0.04119	0.09824	0.14595	0.02094	0.10562	0.53895	0.11193	0.53244	0.09779	1.17377	0.73462	0.48799	0.59842	0.01098	0.04404	0.46438	2.18399	0.16495	2.88374	0.3955	3.89994	1.24507	10.42577	3.78741	15.31984	1.92628	4.32872	1.8687	1.077	4.13701	0.87917	1.2475	0.16366	0.12827	2.74678	1.29099	0.25203	3.47502	0	1.27753	0.7041	0.56164	0.01961	0.62876	5.95023	0.88571	0	0.94882	0.21109	0.67765	0	0.16748	0.30487	1.18043	0.00444	0.4995	0.32373	0	0	0	1.53834	0.0495	0.05464	0	0.01033	0	0.01803	0.01929	0.62562	0.16634	0.10357	0.41231	0.00815	0.34067	0.0034	0.02168	0.1428	0.0148	0.07852	0.279	0.00224	0.16735	0.0255	0.00178	0.02187	0.00863	0.12345	0.19061	0.04207	0.08527	0.2738	0	0.12147	0.15981	0.38587	0.1263	0	0.02418	0.01164	0.475	0.12796	0.03286	0	0.16058	0.31494	0.00245	0.03077	0.00642	0.07782	0	0.24528	0.00211	0	0.05376	0.03827	0	0.05532	0.05797	0.74528	0.00601	0.05166	0.04895	0.03417	0.02041	0.10395	0.06921	0.06257	0	1e-04	0	0.11596	0.05992	0.05749	0.02723	0.0174	0.00698	0.02781	0	0.28423	0	0.32959	1.30733	0.02907	0.00283	0	0	0	0.00038	0.02983	0	0.03373	0	0.14864	0.10966	0	0.04314	0.00772	0.15627	0.22067	0.0432	0.05762	0	0.02061	0.66829	0.16091	0.18921	0.0063	0.01391	0.031	0.06605	0.14552	0.00795	0.12065	0.022	0.00444	0.16976	0.03707	0.53873	0.00167	0	0.07706	0.3985	0.01565	0.11264	0.01971	0.26814
220500001177-H07	0.11634	0.05102	0.10086	0.00567	0.05306	0.02409	0.3624	0.04421	0.32748	0.31876	0.01687	0.01442	0.1878	0.07615	0.39947	0.02109	0.0181	0.05594	0.05988	0.00744	0.00719	0.01398	0.21333	0.0205	0.05961	0.05616	0.18616	0.12757	0.27376	0.03716	0.00558	0.20487	0.06395	0.09288	0.08551	0.60558	0.55471	0.69491	0.35899	0	0.04388	0.23029	0.17382	0.13392	2.47641	0.71163	3.64945	0.25744	4.22485	1.92888	11.44183	0.69652	1.58959	0.84002	1.05577	2.40927	1.51795	1.0351	0.13854	0.04608	2.86346	0.78722	0.35169	6.58791	0.06923	1.78672	0.64773	0.12496	0.00641	0.74585	6.03335	0.45704	1.58704	0.64579	0.23791	0.85728	0.19731	0.40738	1.34968	4.70538	0.0877	4.45498	1.94354	0.01139	0.71521	0	0	0.06363	0.06525	0	0.22749	0	0.05193	0.0448	0.30144	0.38398	0.09234	0.61833	0.03262	0	0.21951	0.14549	0.08567	0.22733	0.08528	1.00264	0.02494	0.0227	0.05605	0.00652	0.06909	0.07094	0.10343	0.23751	0.23405	0.05855	0.01249	0.00793	0.04717	0.94954	0.803	0.23071	0	0.07937	0.01095	0.24044	0.25993	0.06745	0.02546	0.33338	1.02617	0.00745	0	0.76383	0.02549	0.02377	0.12292	0.01074	0.00349	0.19604	0.0692	0	0.02633	0.11393	0.30469	0.00049	0.06779	0.11669	0.03341	0.08001	0.13759	0.19152	0.09658	0	0.06482	0.00458	0	0.12148	0.25227	0.04045	0.03718	0.0176	0.07931	0	0.33009	0.04927	0.94783	0.00936	0.05786	0.04378	0.05954	1.29831	0	0.04937	0.12113	0	0.0273	0.17945	0.1185	0.05528	0	0.05602	0	0.05296	0.02247	0.01813	0.06059	0.46626	0	0.04845	0.10451	0.33748	0.00541	0.00768	0.04992	0.08164	0.12041	0.01185	0.31303	0.04134	0	0.02815	0.08764	2.6966	0	0.05484	0.17457	0	0.00351	0.154	0.00126	0.80997
220500001177-H08	0.32801	0.14021	0.22136	0.15822	0.12698	0.04644	0.01937	0.04954	0.38787	0.7275	0.15534	0.01358	0.26619	0.03803	3.63328	0.02459	0.14342	0.0408	0.13565	0.17828	0.06888	0.02716	0.83223	0.05536	0.01682	0.11969	0.06868	0.65173	0.80373	0.10524	0.06812	0.16091	0.02517	0.03626	0.11024	0.24617	0.11122	0.21205	0.18019	0	0.00901	0.05829	0.02151	0.11029	1.71774	0.7361	1.22085	0.03596	0.02979	0.07756	7.50465	0.05207	0.27513	0.62492	0.22582	4.02239	1.73137	0.69555	0.03326	0.05407	3.94367	1.25449	0.11968	4.59765	0.02289	0.98816	0.21957	0.03527	8e-05	0.44185	0.35866	0.16615	0	0.46042	0.57728	0.70579	0	0.25271	1.56465	2.0603	0.44279	0.5055	1.32562	0.00289	0	0.20657	0	0.31011	0.0379	0.18219	0	0.06048	0.07952	0.08788	0.62619	1.89803	0.1131	4.80516	0.03928	0	0.11744	0.24104	0.23491	0.49854	0.1909	0.41613	0.04423	0.00126	0.15757	0.02466	0.17898	0.74221	0	0.28785	0.58374	0.13162	0.62786	0	0.18246	0.15836	1.87635	0.2495	0.44711	0.1567	0.15648	1.43119	0.6336	0.25369	0.03253	0.19883	0.08131	0.02549	0.19494	0	0.11267	0.05412	0.27024	0.06988	0.03809	0.29595	0.55653	0	0.45102	0.314	1.44331	0.02609	0.1558	0.19177	0.10901	0	0.32869	0.57708	0.25694	0	0.39517	0.12757	0.48158	0.11653	0.29269	0.22829	0.10441	0.00377	0	0.20703	2.28966	0.31073	3.53438	3.34626	0.51972	0.60666	0.06813	6.47673	0	0.21086	0.12089	0	0.45149	0.01682	0.37957	0.22253	0.02779	0.09258	0.01413	0.28025	0.08754	0.27292	0.09441	0.5962	0.02613	0.05007	0.71541	0.40869	0.12588	0.01542	0.13428	0.1868	0.14986	0.09387	0.10344	0.04224	0.0198	0	0.03578	0	0.01018	0	0.01141	0.09848	0.02285	0.96464	0.04688	0.48163
220500001177-H09	0.21667	0.03657	0.16445	0.0082	0.02218	0.06843	0.13648	0.04137	0.37805	0.63856	0.02537	0.02198	0.27277	0.03986	1.0448	0.01067	0.00895	0.07451	0.08152	0.04406	0.00167	0.04865	0.03128	0.0217	0.03507	0.06832	0.01876	0.15997	0.39281	0.02202	0.00889	0.193	0.03778	0.01727	0.07225	0.91809	0.2147	0.21303	0.11965	0.00089	0.0585	0.09187	0.211	0.08858	3.09076	0.43414	2.62188	0.05645	1.20687	1.12374	4.86858	0.48354	0.5593	0.20739	0.22652	4.1113	2.22827	0.53818	0	0.01876	3.02567	1.36303	0.16526	6.30008	0	1.81401	0.24767	0.05838	0.00013	0.39657	2.20744	0.0775	0	0.27552	0.3358	0.80969	0.69378	0.26701	2.93776	16.32576	0.10708	6.67948	4.20748	0.0035	0	0	0.20261	0.17408	0.08582	0	0.04912	0	0.03315	0.03637	0.01093	0.37857	0.08186	1.73442	0	0.07485	0.05695	0.10137	0.14228	0.27556	0.10337	0.74572	0.0068	0	0.09197	0.00309	0.07933	0.10509	0.34811	1.00686	0.03299	0.03963	0.04397	0.00162	0.1466	0.23549	1.94293	0.14691	0	0.16572	0.0059	0.1875	0.16539	0.04893	0.07946	0.23499	0.36546	0.00281	0.05533	0.28747	0.01996	0	0.06053	0.01653	0.00798	0.32579	0.17466	0.19629	0.1196	0.12558	0.58975	0.05433	0.06797	0.03907	0.05191	0.11762	0.04464	0.1049	0.08141	0	0.01226	0.19564	0.23148	0.03309	0.08975	0.02568	0.01756	0.00311	0.76671	0	0.74851	0	0.39194	1.42738	0.06473	0.12051	0.01252	1.3858	0	0.07836	0.03967	0	0.03049	0	0.19589	0.07924	0	0.0437	0.00705	0.06344	0.01815	0.0288	0.30885	0.3115	0.00541	0.23188	0.26421	0.06549	0.00036	0.00152	0.04555	0.02109	0.12778	0.02827	0.22623	0.0627	0	0.0544	0.07135	1.51347	0	0	0.30864	0	0.00096	0.22984	0.00518	0.90552
