feature	ASV1	ASV2	ASV3	ASV4	ASV10	ASV11	ASV13	ASV15	ASV17	ASV18	ASV27	ASV28	ASV33	ASV36	ASV53	ASV62	ASV63	ASV67	ASV68	ASV73	ASV74	ASV76	ASV81	ASV82	ASV86	ASV87	ASV88	ASV90	ASV93	ASV99	ASV100	ASV105	ASV107	ASV108	ASV117	ASV121	ASV126	ASV129	ASV137	ASV138	ASV139	ASV147	ASV148	ASV161	ASV169	ASV182	ASV188	ASV190	ASV205	ASV215	ASV226	ASV228	ASV233	ASV234	ASV238	ASV240	ASV245	ASV261	ASV262	ASV263	ASV275	ASV301	ASV348	ASV362	ASV365	ASV369	ASV399	ASV404	ASV412	ASV414	ASV419	ASV439	ASV449	ASV493	ASV498	ASV504	ASV530	ASV576
Preg.Feces.PD.2107.week0	3.52045690960827	3.15232947193775	5.63607197724038	1.49279163745216	3.89567860114777	2.34662119970258	0.515015821927321	-1.25264609572167	2.2219787544953	3.10954219673254	0.69326405333364	-1.11911470309715	1.49279163745216	2.16741977024486	2.35827181692255	0.651591356933072	-0.254117265610546	1.36579194669085	-0.36534290072077	1.11893186875932	0.790427801787288	3.07808724456466	-3.19855624477699	1.29008012495515	1.49279163745216	1.44583465436439	1.44583465436439	1.45540410538054	0.356791816712427	1.73591768835371	1.25579105147652	-3.19855624477699	2.13898183492433	1.46488284933508	-1.40679677554893	-0.308184486880822	-0.800660971978616	0.733269387947339	2.33087284273444	0.672644766130905	-0.154033807053563	0.928578140268105	-0.713649594988986	0.23543095970816	-0.0630620288478367	-0.154033807053563	-0.713649594988986	-3.19855624477699	0.26717965802274	0.808776940455485	0.651591356933072	-1.40679677554893	0.672644766130905	-0.713649594988986	-0.895971151782941	-0.308184486880822	0.0595402932444955	-0.425967522537205	-0.713649594988986	-1.11911470309715	-1.8122618836571	0.23543095970816	-2.09994395610888	-0.713649594988986	-3.19855624477699	-1.25264609572167	-3.19855624477699	-3.19855624477699	-2.09994395610888	-3.19855624477699	-1.58911833234289	-1.8122618836571	-1.8122618836571	-3.19855624477699	-1.8122618836571	-3.19855624477699	-1.40679677554893	-3.19855624477699
Preg.Feces.PD.2107.week3	3.59788156642686	2.3965537664769	5.14527500731004	2.79063355235994	4.03059224860932	2.13002991953247	2.97380292607624	1.84070446133696	4.71076907872664	2.70846815231645	2.24177395797208	-1.57373814707522	1.03633164566679	1.90442027572307	2.28488408162581	0.578024056184244	2.86419611953696	-0.187443785955327	-0.187443785955327	-0.785280786710948	2.26786239405638	3.06293070597224	-3.18317605950932	-0.475125858407108	0.55449355877405	0.708644238601308	0.66697154220074	1.00647868251711	0.282559843290408	1.40179141916125	1.53532281178578	-3.18317605950932	1.66101102694927	1.9816099144142	1.92276941439126	0.768067659072109	-0.54411872989406	0.877266951037101	1.47078429064821	-0.410587337269537	-0.618226702047781	2.60678411138794	0.184119770477156	-0.292804301613153	-0.410587337269537	-0.410587337269537	-0.618226702047781	-0.785280786710948	-0.0476818435801684	-0.349962715453102	-1.57373814707522	-1.39141659028126	0.805807987054956	-0.698269409721318	-3.18317605950932	-3.18317605950932	0.218021322152837	-3.18317605950932	-0.698269409721318	-3.18317605950932	-3.18317605950932	-0.138653621785895	-1.10373451782948	-0.410587337269537	-3.18317605950932	-1.39141659028126	-1.57373814707522	-3.18317605950932	-1.10373451782948	-0.985951482173099	-1.79688169838943	-1.39141659028126	-3.18317605950932	-2.08456377084121	-3.18317605950932	-3.18317605950932	-1.79688169838943	-3.18317605950932
Preg.Feces.PD.2107.week6.2	4.43243698775834	2.57839259415745	4.255013832233	1.00638108724247	4.72541357952709	4.50350688675028	0.725478701776067	5.42399153127217	-2.88543921086816	3.33116689021671	-2.88543921086816	4.70944517634836	0.410397655136172	4.66522203223718	3.41900959155382	2.60762223247239	-0.939529061812844	2.31856747620864	3.5491073079193	2.38241894819517	1.6471602822851	4.7352658759701	-2.88543921086816	2.68671482130961	1.54537758797516	0.852230407415211	-2.88543921086816	2.1251960832281	0.611068350598323	2.49905585192093	3.11844785623838	-2.88543921086816	3.3391192184072	2.82829359464121	0.446765299307047	-2.88543921086816	-2.88543921086816	2.21442721695604	-2.88543921086816	2.59102434106335	1.17500379967826	-2.88543921086816	-2.88543921086816	1.62542029564869	0.875760904825405	-1.27600129843406	-2.88543921086816	-2.88543921086816	1.10354483569612	-2.88543921086816	-2.88543921086816	-2.88543921086816	0.752146948858229	-2.88543921086816	-0.582854117874112	1.80590867136099	1.83305966042694	0.943202185620938	-2.88543921086816	-2.88543921086816	-2.88543921086816	-2.88543921086816	-2.88543921086816	-1.0936797416401	-2.88543921086816	-2.88543921086816	-0.805997669188321	-2.88543921086816	-0.487543938069787	-2.88543921086816	-0.487543938069787	-2.88543921086816	-2.88543921086816	-2.88543921086816	-1.27600129843406	-2.88543921086816	-2.88543921086816	-2.88543921086816
Preg.Feces.PD.2108.week0	3.12234941756274	3.09825186598368	5.77827055323	1.89943941221705	3.49555366345268	3.29488296799053	0.031306964204422	0.724454144764367	2.21789314333559	2.29008943454007	0.675663980594935	1.48659419681126	1.29084961968517	1.74037471758736	1.35623237894802	-0.528308823731001	-0.180002129462785	1.66891575360522	0.122278742410149	2.23380859864149	0.51314505109716	3.15220238071242	-3.013215473519	2.12258296353126	1.59195471246909	1.39350377374525	1.04722753702742	1.68726489227342	0.918610159205325	1.97039114818934	1.33058994833468	-3.013215473519	2.04937955950797	1.99073083242646	-0.815990896182782	-0.0174831999650099	0.542132587970413	1.20629223165711	2.04937955950797	0.0778269798393149	0.282621392485328	0.747984642174562	-0.180002129462785	1.22089103107826	0.031306964204422	-1.4037775610849	-1.22145600429095	-3.013215473519	0.675663980594935	-0.448266116057464	2.11074850588426	-0.24062675127922	0.164838356828945	-3.013215473519	-0.815990896182782	-0.374158143903742	0.354080356467473	-1.4037775610849	-3.013215473519	-3.013215473519	-0.0174831999650099	-0.710630380524955	-3.013215473519	-0.61532020072063	-3.013215473519	-3.013215473519	-3.013215473519	-1.91460318485089	-3.013215473519	-3.013215473519	-1.4037775610849	-3.013215473519	-1.62692111239911	-3.013215473519	-3.013215473519	-3.013215473519	-3.013215473519	-0.61532020072063
Preg.Feces.PD.2108.week3	3.99016270191779	2.73923291450408	6.25001265651362	3.90797702694627	4.1539652109445	2.29454709324264	4.29060702598342	3.44827868113182	-1.21201080407735	2.99764460465575	-2.31062309274546	4.23328875281934	-1.21201080407735	2.44296709836091	2.52565881420602	0.908252732122744	3.56990989365524	0.867430737602489	2.44296709836091	-0.518863623517401	1.9234834118518	3.93354380791828	-2.31062309274546	1.05667273724102	2.91512358096774	1.30029481989877	-2.31062309274546	1.40294897395885	0.52259025131076	1.99344200045871	1.64062062583597	-2.31062309274546	1.35293855338419	1.89406952664551	2.59465168569297	-2.31062309274546	0.52259025131076	1.37825636136848	-2.31062309274546	0.397427108356754	0.174283557042544	-2.31062309274546	-2.31062309274546	0.78041936061286	-0.924328731625566	-2.31062309274546	0.0872721800529144	-0.364712943690143	0.174283557042544	-2.31062309274546	-2.31062309274546	-0.924328731625566	0.397427108356754	-2.31062309274546	-2.31062309274546	-2.31062309274546	1.15511281005427	-2.31062309274546	-2.31062309274546	-2.31062309274546	-2.31062309274546	-0.924328731625566	-2.31062309274546	-2.31062309274546	-2.31062309274546	-2.31062309274546	-2.31062309274546	-2.31062309274546	-2.31062309274546	-0.113398515409237	-2.31062309274546	0.0872721800529144	-2.31062309274546	-0.924328731625566	-2.31062309274546	-2.31062309274546	-2.31062309274546	-2.31062309274546
Preg.Feces.PD.2108.week6.2	4.66561278349736	2.77558862159295	5.16703523086478	2.78563895744645	4.99061122157349	4.21754382981839	1.24073956614992	4.53599756093693	-0.615558424215708	4.86923850927495	-0.433236867421753	1.42566190464393	-0.615558424215708	4.09036166487253	3.71648984065193	2.42896401350772	1.05214839634237	1.97969628274116	2.42419073475506	3.19553866262248	-1.30870560477565	4.8076279243782	-1.30870560477565	0.866046116708508	1.39934459632656	0.719442642516632	-0.0849301731535372	1.86097997590178	1.58166615312051	1.94166888715192	3.15490101689065	-2.91814351720975	2.76543625012893	1.78233684858266	1.03310020137167	-2.91814351720975	1.28654910218121	1.80924430150259	-2.91814351720975	2.76202909180731	1.03310020137167	-2.91814351720975	-2.91814351720975	1.20899086783534	-0.0849301731535372	-2.91814351720975	-2.91814351720975	-2.91814351720975	0.795428549494555	-2.91814351720975	-1.81953122854164	-0.433236867421753	-0.0277717593135886	-2.91814351720975	-0.720918939873534	-0.838701975529917	1.54776460144483	-1.30870560477565	-2.91814351720975	-2.91814351720975	-2.91814351720975	-1.81953122854164	-2.91814351720975	-2.91814351720975	-0.720918939873534	-2.91814351720975	-0.353194159748216	-2.91814351720975	-2.91814351720975	-2.91814351720975	0.449152312776721	-2.91814351720975	-2.91814351720975	-2.91814351720975	-2.91814351720975	-2.91814351720975	-2.91814351720975	-2.91814351720975
Preg.Feces.PD.2115.week0	3.41167811066747	2.62282384615034	5.70889165985961	1.51983518288244	4.13222426541553	2.42021045945069	0.233624280319528	-0.613673580067676	1.99312288732936	2.65716198373124	2.34815714181063	0.447198380617587	1.58355099726854	2.33659631940956	2.07945097081786	-0.171840827788636	0.0794736004922697	1.4795612837445	-0.731456615724059	1.21445353333125	2.22605444500973	3.10799569686925	0.950301958289667	1.63175309908642	1.42320834719336	1.67773821232824	1.15939375614823	1.73239662486611	0.447198380617587	1.58355099726854	1.060302853504	-2.8108981574039	1.61991864143942	0.852663488725751	-0.325991507615895	-0.102847956301685	1.15939375614823	0.233624280319528	0.926771460879473	-0.508313064409849	-0.508313064409849	-2.8108981574039	-0.613673580067676	1.21445353333125	-0.0383094351641139	-0.171840827788636	-2.8108981574039	-1.71228586873579	-0.613673580067676	0.744449904085519	1.72170133574936	-0.731456615724059	-0.325991507615895	0.324596058525255	-2.8108981574039	-0.731456615724059	-0.245948799942358	-0.864988008348582	-0.613673580067676	-2.8108981574039	0.556397672582579	-0.413002884605524	-0.864988008348582	-2.8108981574039	-1.01913868817584	-1.20146024496979	-2.8108981574039	-1.71228586873579	-2.8108981574039	-2.8108981574039	-2.8108981574039	-2.8108981574039	-2.8108981574039	-2.8108981574039	-2.8108981574039	-2.8108981574039	-2.8108981574039	-2.8108981574039
Preg.Feces.PD.2115.week3	3.76506967825137	2.62579605053769	4.73442591214536	3.82976885486362	4.08841909463474	1.67269134554081	3.34666777911249	1.49036978874686	3.25252878819862	2.6417326428005	2.05710304445115	-1.79304455725891	1.56269045032649	2.1256229908879	2.58898207741497	0.199385607431294	2.7782240770535	0.199385607431294	-0.00128508803085751	-0.589071752932977	1.57425127272756	3.47481360180442	-2.89165684592702	-0.119068123687241	1.23547753911807	0.771904800202624	1.72346367091424	1.21921701824629	-2.89165684592702	1.05958687265441	1.56269045032649	0.691862092529088	1.26722623743265	1.9205275094454	1.02036615950112	0.327218978941178	-1.28221893349292	0.771904800202624	0.936984550562073	-0.119068123687241	-0.945746696871709	3.45397951490157	0.152865591796401	0.199385607431294	-0.694432268590803	-0.493761573128652	-1.79304455725891	-2.89165684592702	0.104075427626969	1.0786350676251	0.152865591796401	-1.79304455725891	0.475638984059452	-0.589071752932977	-0.945746696871709	-2.89165684592702	-0.493761573128652	-2.89165684592702	0.152865591796401	-2.89165684592702	-1.50536248480713	-0.694432268590803	-2.89165684592702	-0.694432268590803	-2.89165684592702	-1.09989737669897	-2.89165684592702	-1.79304455725891	-2.89165684592702	-1.79304455725891	-2.89165684592702	-2.89165684592702	-2.89165684592702	-2.89165684592702	-1.28221893349292	-1.50536248480713	-2.89165684592702	-2.89165684592702
Preg.Feces.PD.2115.week6.2	4.04495105491879	3.01817278613497	5.49878674640431	2.26235449861225	4.44734310571261	2.77913252090554	0.177925415421378	3.69838621791035	-3.04095040944682	3.64615819841969	2.09484802760344	1.1487043325796	1.82658404100876	3.20902483281266	3.52853101096747	1.92189422081308	0.929341504105299	1.74654133333522	0.765712080323497	0.672621657257485	1.65039747278232	3.9845879051917	0.787690987042272	0.217146128574659	1.56421977654127	0.455557152019658	-0.0452181358928316	1.73817308366471	0.217146128574659	2.01529539590149	1.65952995634559	1.0194926010996	2.5387794165394	2.70205277836266	0.850869888663804	-3.04095040944682	1.40170084704349	-0.476001051985286	-3.04095040944682	0.647929044667114	0.890875223277503	-0.207737065390607	-3.04095040944682	1.59377857878281	-0.207737065390607	0.094543806482327	-1.24919094021877	-3.04095040944682	1.10218431694471	-3.04095040944682	-3.04095040944682	-0.738365316452777	0.00357202827660029	-3.04095040944682	-3.04095040944682	0.177925415421378	0.929341504105299	-0.556043759658822	-3.04095040944682	-0.268361687207041	-1.24919094021877	-0.843725832110603	-3.04095040944682	-1.94233812077871	-3.04095040944682	-3.04095040944682	-1.24919094021877	-3.04095040944682	-1.24919094021877	-3.04095040944682	0.137103420901123	-3.04095040944682	-1.65465604832693	-3.04095040944682	-3.04095040944682	-3.04095040944682	-3.04095040944682	-3.04095040944682
Preg.Feces.PD.2121.week0	3.76617038098359	2.8585627716829	5.48017779863481	1.84551989868751	3.92198081222921	2.17972198677419	0.37653382172251	0.37653382172251	2.18538772430987	2.77128937451621	1.92921891756416	1.45188924822635	1.41595723900029	1.6726770858481	2.21324467881283	0.228113816604237	-0.100390250367799	1.18362526163167	-0.688176915269918	-0.351704678648705	1.56311488333658	3.19955339758918	-0.100390250367799	0.901058289846663	1.82951955734107	1.42807859953263	1.13637237678113	1.92921891756416	1.59420547040661	1.94371192486673	1.40368714640848	-2.99076200826396	1.69136921886026	2.24567995456599	-0.218173286024182	0.770438107429599	-0.218173286024182	0.474973894535763	1.03458968247119	-0.100390250367799	0.56458605322545	-2.99076200826396	-0.282711807161754	0.592756930192146	0.443225196221183	0.0537604294594593	-2.99076200826396	0.410435373398192	0.0537604294594593	0.698117445849973	1.58394897023942	-0.911320466584128	0.00497026529002724	-0.793537430927744	0.144732207665186	-0.505855358475963	-0.688176915269918	0.100280445094352	-1.19900253903591	-0.505855358475963	-2.99076200826396	-1.89214971959585	-2.99076200826396	-1.04485185920865	-1.60446764714407	-2.99076200826396	-2.99076200826396	-1.60446764714407	-2.99076200826396	-2.99076200826396	-2.99076200826396	-2.99076200826396	-2.99076200826396	-2.99076200826396	-2.99076200826396	-2.99076200826396	-2.99076200826396	-2.99076200826396
Preg.Feces.PD.2121.week3	3.78752879351057	2.56749518103445	5.48877754363843	3.82252315616067	3.94020563371953	1.55112099060332	3.86243976356612	0.503801996322756	4.6766496200328	2.38326704596992	2.56431552811707	-3.18507745779118	1.43989535549309	1.33671111925786	1.85834765912807	0.726945547636966	2.70102657365898	-0.0940350044328643	-0.294705699895015	-0.24063847862474	0.989309812104457	3.34288045983137	-0.546020128175922	-0.140555020067757	1.36879943380936	0.958057268600353	1.22164178947307	1.33671111925786	-0.24063847862474	0.3114301036753	0.822255727441291	-3.18507745779118	0.958057268600353	1.81886884815428	2.2175999240811	1.3896335207122	1.06341778425818	0.528494608913128	0.958057268600353	-1.10563591611134	-0.412488735551399	-3.18507745779118	1.18437039467584	0.576122657902382	-0.78718218499281	-0.70017080800318	0.528494608913128	-1.39331798856313	-0.351864113734964	-0.987852880454961	0.726945547636966	0.182218372195294	-0.189345184237189	-0.620128100329643	-3.18507745779118	-3.18507745779118	0.370270603698234	-3.18507745779118	-0.70017080800318	-0.620128100329643	-2.08646516912307	-1.79878309667129	-1.57563954535708	-0.47702725668897	-3.18507745779118	-1.39331798856313	-3.18507745779118	-2.08646516912307	-0.882492364797135	-0.987852880454961	-2.08646516912307	-0.620128100329643	-3.18507745779118	-3.18507745779118	-3.18507745779118	-1.23916730873587	-3.18507745779118	-3.18507745779118
Preg.Feces.PD.2121.week6.2	3.94222731326323	2.76969603477212	5.62248007819203	0.235999220814685	4.06970025946736	3.63274225212746	-0.457147959745261	2.02218764499328	3.53306989326794	3.50429992901041	2.46959144232178	2.89158585238115	2.39932224647522	1.22925099382497	2.63389449361306	1.60548646361819	-1.21928801179216	0.596001954846092	-0.274826402951306	0.523681293266465	1.12526128030092	3.30560134293513	-0.967973583511252	1.93466826697673	2.25090224135695	0.823785885716804	1.00918910904817	1.27745309564285	-0.862613067853425	1.20424969161955	1.84543713324878	-3.16519816084747	2.12306886984706	1.67898892561112	-0.22075918168103	0.268789043637675	1.63882288388579	-0.331984816791255	1.40951281765591	-0.22075918168103	-0.22075918168103	3.42647557116119	-3.16519816084747	1.27745309564285	-0.120675723124048	-0.526140831232212	-0.600248803385934	-0.22075918168103	0.300537741952256	1.81840846086087	-3.16519816084747	-0.39260943860769	0.235999220814685	-0.7673028880491	-1.77890379972758	-1.21928801179216	0.390149900641943	-0.967973583511252	-1.08575661916763	-3.16519816084747	-3.16519816084747	-3.16519816084747	-3.16519816084747	-3.16519816084747	-3.16519816084747	-1.37343869161942	-3.16519816084747	-1.55576024841337	-1.37343869161942	-3.16519816084747	-3.16519816084747	-3.16519816084747	-2.06658587217936	-3.16519816084747	-3.16519816084747	-3.16519816084747	-3.16519816084747	-0.39260943860769
Preg.Feces.PD.2152.week0	3.9340048323178	3.39329486138959	5.3226267090354	2.24707311368435	4.01823827541366	3.1435036626492	1.42347304472697	0.476666768926867	-0.694970654756132	3.11270142621554	1.68625756555703	0.257038159720102	2.08610468136097	2.71076188207141	2.07477311535142	0.341121276930644	0.838959705169823	1.64333252083999	0.239338582620701	1.69045044381706	2.09730928037383	3.41962206829592	1.27658192491252	0.993110384997081	0.724846398402402	1.4504288547155	1.57527905759498	2.02512788486225	-0.0971336540005117	1.43434271696388	1.58462492001321	-1.38811783531608	2.28241248012966	2.12748989752382	-0.453808597939244	0.518051985089722	0.608436046557991	0.724846398402402	2.05753130891691	0.476666768926867	0.257038159720102	-2.39971874699456	-0.0483434898310797	0.932485763180646	-0.527916570092966	-1.30110645832645	-1.38811783531608	-1.58878853077823	0.202970938449826	-0.0248129924208855	-3.78601310811445	-0.841574128948008	0.433494597061659	-0.320277205314721	-1.30110645832645	-0.527916570092966	0.257038159720102	-1.38811783531608	-0.694970654756132	-1.4834280151204	-2.17657519568035	-1.30110645832645	-1.58878853077823	-1.38811783531608	-3.78601310811445	-0.841574128948008	-1.99425363888639	-1.99425363888639	-3.78601310811445	-2.68740081944634	-1.58878853077823	-3.78601310811445	-3.78601310811445	-1.99425363888639	-3.78601310811445	-3.78601310811445	-3.78601310811445	-3.78601310811445
Preg.Feces.PD.2152.week3	4.17936688310597	1.91182580735229	5.3169888254078	3.20082125748539	3.65611873934143	1.46925694904075	3.3112782530497	1.38318234026951	5.23213391265388	2.66286696633114	2.34558442410307	-1.02601248778279	0.608118037241677	1.82901990366806	1.94440197778691	1.21203408407368	2.59498954392806	0.0725998008853153	-0.540504672001094	-0.70755875666426	1.52927495876701	3.04940406455379	-3.10545402946263	-0.215082271566466	0.190382836541699	1.58589385276651	0.583425424651306	1.50966648737863	-0.70755875666426	0.954988981083789	1.17121208955343	-0.0609315917392073	1.49971615652546	1.52927495876701	2.57471857955444	1.66523059500303	-0.802868936468585	-0.109721755908639	1.11405367571348	-1.31369456023458	-0.39740382836042	-3.10545402946263	0.632215588820738	0.765746981445261	-0.39740382836042	-0.802868936468585	1.19861106374154	2.03034440758763	0.226750480712574	0.70120846030769	-3.10545402946263	-1.31369456023458	0.190382836541699	-0.39740382836042	-0.16101505029619	-3.10545402946263	-0.466396699847372	-3.10545402946263	-0.540504672001094	-3.10545402946263	-3.10545402946263	0.152642508558852	-1.02601248778279	0.11342179540557	-3.10545402946263	-3.10545402946263	-3.10545402946263	-1.71915966834274	-1.71915966834274	-3.10545402946263	-3.10545402946263	-1.15954388040732	-3.10545402946263	-3.10545402946263	-1.71915966834274	-0.908229452126411	-3.10545402946263	-3.10545402946263
Preg.Feces.PD.2152.week6.2	4.42613749874613	3.33894737880604	5.6234829916811	2.8500265904281	4.97858892944288	2.12297785819247	2.61641173924659	5.29430412832736	3.8087380381862	3.16240127547025	2.14007229155177	1.86919733741637	1.86176235892885	3.61807507916116	2.82755373457604	4.20528884230026	0.792563955467037	1.7679436037112	2.67103282372682	3.67078489558069	-1.64978307990217	4.60836332053451	-3.03607744102206	0.971255744210413	2.60227722831169	1.15357730100437	-3.03607744102206	1.9745578530742	0.296127069153146	2.20566957403758	2.37109433043806	0.835123569885833	2.42775436400355	2.3438199125184	0.460430120444422	-3.03607744102206	0.835123569885833	1.38276316677454	-3.03607744102206	1.51779945057848	-0.263488718782277	-3.03607744102206	-3.03607744102206	1.60831345811931	-0.638182168223687	0.0549650123362578	-3.03607744102206	-3.03607744102206	0.652802013091878	-3.03607744102206	-3.03607744102206	-3.03607744102206	0.971255744210413	-3.03607744102206	-0.263488718782277	-1.93746515235395	0.895748191702268	-0.838852863685839	-3.03607744102206	-3.03607744102206	-3.03607744102206	-1.09016729196674	-3.03607744102206	-3.03607744102206	-3.03607744102206	-3.03607744102206	-1.244317971794	-3.03607744102206	-3.03607744102206	-3.03607744102206	-1.244317971794	-3.03607744102206	-1.244317971794	-3.03607744102206	-3.03607744102206	-3.03607744102206	-3.03607744102206	-1.42663952858796
Preg.Feces.PD.2211.week0	4.2557539941249	2.14796797943592	6.60903682144975	2.256822384348	4.20337294328751	3.38343945082123	-0.105826949388694	1.57703843160022	2.41417102021058	3.2728975764214	2.76854446716103	2.49509751053112	1.99714508970134	0.856983798120354	2.63961078378514	0.910093623434302	0.720851623795774	0.487236772614269	-0.259977629215952	-0.442299186009907	1.32698742736609	3.09769348739631	1.61182454768564	1.6618349682603	2.81322995650633	2.59904359879614	1.18038395317421	2.04814764415371	0.838634659452157	1.60324080399425	0.678292009376978	-0.752454114313747	1.73245253547425	2.07539728660108	-0.377760664872336	-3.15034938711212	0.376011137504044	-3.15034938711212	1.14011005403627	-0.154617113558126	0.0685264377560836	-3.15034938711212	-0.442299186009907	0.376011137504044	-0.205910407945677	0.107747150909365	-3.15034938711212	1.12631673190394	0.31538651568761	-1.07090784543228	1.02403788278352	1.03930535491431	0.460568525532107	0.216946442874357	-1.54091147467802	-1.07090784543228	-0.752454114313747	-0.58540002965058	-1.76405502599223	-3.15034938711212	-0.259977629215952	-3.15034938711212	-3.15034938711212	-0.953124809775898	-0.847764294118071	-3.15034938711212	-3.15034938711212	-1.07090784543228	-3.15034938711212	-3.15034938711212	-3.15034938711212	-3.15034938711212	-3.15034938711212	-3.15034938711212	-3.15034938711212	-3.15034938711212	-3.15034938711212	-3.15034938711212
Preg.Feces.PD.2211.week3	3.54576356937162	3.42763228366818	4.43780727181973	3.68285754994109	5.00230349892006	1.4236412965769	1.71422612868664	0.861114298434019	-3.72385318023655	2.50662826734193	1.49650264484177	-0.0349737261226163	0.706963618606761	2.63744929733644	2.79676794732214	0.0373469354570097	2.64946660934046	1.33239262511176	0.283480004995918	-1.01580297913434	0.718798076253764	3.91000037944522	-1.77794303118124	-1.23894653044855	-0.391648670061349	0.0828093095337671	2.20573596315334	1.72288419142976	1.04683144422911	1.74420696089858	2.18422975793238	1.58441451716465	2.09622975011581	2.39863962927783	2.26259882504789	-3.72385318023655	-0.356557350250079	1.18142159820188	0.510253324360707	0.797935396812488	0.147347830671338	-3.72385318023655	0.227390538344875	1.49108257737243	0.301498510498597	0.450534089659085	-1.77794303118124	-2.62524089156844	1.01234526815794	-1.9320937110085	-1.9320937110085	-1.15890382277502	1.11242872671493	-1.23894653044855	-0.0862670205101669	-2.11441526780245	0.808746312916703	-1.9320937110085	-1.32595790743818	0.283480004995918	-0.632810726878237	-0.140334241780443	-2.11441526780245	-1.08479585062129	-3.72385318023655	-1.23894653044855	-1.42126808724251	-3.72385318023655	-1.52662860290033	-1.9320937110085	-0.67933074251313	-1.52662860290033	-1.23894653044855	-1.9320937110085	-3.72385318023655	-2.62524089156844	-3.72385318023655	-3.72385318023655
Preg.Feces.PD.2211.week6.2	4.52519690729472	2.56959362903375	6.28869362579057	1.42446132473075	4.20770734144452	4.21562643254347	1.41007258727865	2.35774963297347	-2.82403391731861	3.87915419592225	2.64823675635286	2.9317082962683	3.33506147117332	1.3954737878575	2.59650108195368	1.92955627378775	0.354019913029335	1.23640909322781	1.61861733917171	0.702326607297551	-0.115983716216401	3.58119454071223	2.08124086111982	2.02799634660101	2.79998358886873	1.38065870207236	1.04716709358928	1.6303133789349	-0.115983716216401	1.42446132473075	1.6067828815247	0.39484190754959	1.92089821104464	1.82035698182276	0.471802948685718	0.982628572451709	-2.82403391731861	-2.82403391731861	0.354019913029335	1.20131777341654	0.12040506184783	-2.82403391731861	0.702326607297551	0.577163464343545	0.17169835623538	-0.744592375638775	-2.82403391731861	-2.82403391731861	-0.0514451950788294	-2.82403391731861	-2.82403391731861	0.12040506184783	0.839527728811036	-2.82403391731861	-1.03227444809056	-2.82403391731861	-0.259084559857074	0.12040506184783	-2.82403391731861	0.702326607297551	-0.878123768263297	-2.82403391731861	-2.82403391731861	-1.03227444809056	-2.82403391731861	-2.82403391731861	-2.82403391731861	-2.82403391731861	-1.43773955619872	-2.82403391731861	-1.43773955619872	-2.82403391731861	-2.82403391731861	-2.82403391731861	-2.82403391731861	-2.82403391731861	-2.82403391731861	-2.82403391731861
Preg.Feces.PD.2222.week0	4.28986757120277	1.64714051269855	6.4760423123524	0.997165504003809	4.37027248835808	2.98638951012838	3.3963403675078	0.472155245245862	-1.18607283135767	3.41909735463042	1.98675905500912	1.82208196219488	2.53660400233956	2.27181989398103	1.82208196219488	1.56279936426479	-0.130020157108357	0.563127023451588	0.345403539606718	-0.43230102898129	1.94397177980391	3.3988946473129	-0.867619100239136	1.48807581806886	1.56279936426479	2.22342335311918	1.50517025142816	1.58651589088211	-0.43230102898129	1.48807581806886	1.28836251856303	-3.26551437303751	1.71809224867083	2.24791437312748	0.495685742656056	1.93849231403929	1.59429803132417	-1.18607283135767	1.42583350919164	-0.43230102898129	0.230993188428974	-3.26551437303751	0.741818812194964	0.0666901371376974	-0.626457043422248	0.135683008624649	-0.269782099483516	-0.962929280043461	0.0666901371376974	-0.780607723249506	-3.26551437303751	-0.0074178350160244	0.924140368988919	0.101781456948968	-1.18607283135767	-1.87922001191762	-0.626457043422248	-1.65607646060341	-0.626457043422248	-3.26551437303751	-1.18607283135767	-1.31960422398219	-1.31960422398219	-0.492925650797725	-0.70056501557597	-1.47375490380945	-3.26551437303751	-1.47375490380945	-2.1669020843694	-3.26551437303751	-3.26551437303751	-3.26551437303751	-3.26551437303751	-3.26551437303751	-3.26551437303751	-3.26551437303751	-3.26551437303751	-3.26551437303751
Preg.Feces.PD.2222.week3	3.47917897263518	3.17664151662874	5.27477323953567	4.07214431301575	4.26024573653976	0.816798808366163	2.67616129479211	0.816798808366163	-3.90170006292893	2.16672552531518	0.789647819300212	3.79132568548896	0.742690836212441	-0.238138416799286	1.77162320424256	-1.19364986182672	3.1140123575583	0.988649065292822	-0.64360352490745	-1.01132830503277	1.19816636489527	3.53373795688562	-1.19364986182672	-0.534404232942458	0.713420453912327	1.86349103985591	2.64221178263586	1.11557977388599	1.45959210278049	1.19205013787783	2.54560579961228	-3.90170006292893	1.69672189606944	2.46305069392298	2.38801550798007	1.10893523116732	-1.59911496993489	-0.14049994723537	0.0685918506231898	0.346795179120427	0.105633122303539	-3.90170006292893	0.158742947617487	0.540951193561384	0.192644499293169	0.0685918506231898	0.332406441668327	-2.51540570180904	1.05412699467233	-1.41679341314093	-3.90170006292893	-0.810657609570616	0.575636751549275	-0.0515524612188734	-0.905967789374941	-2.10994059370088	0.673010915574451	-1.95578991387362	-0.957261083762492	1.28568574291182	-2.10994059370088	-2.80308777426082	-1.3367507054674	-0.164030444645564	-1.95578991387362	-1.50380479013056	-2.29226215049483	-2.80308777426082	-0.957261083762492	-1.19364986182672	-1.12911134068915	-0.905967789374941	-2.29226215049483	-1.41679341314093	-3.90170006292893	-2.29226215049483	-1.41679341314093	-3.90170006292893
Preg.Feces.PD.2222.week6.2	3.27924812326354	3.62397350164147	5.95129893650543	2.87032400098358	4.30084412065048	2.2038450675058	1.85924270480134	2.59981857893239	-3.30554326912218	2.02717552414319	0.805330595051134	3.10627499858772	1.0764833655517	2.17092028280933	1.49024727647456	1.69166900464194	0.957136607919139	1.38580461310697	-0.361104289955736	0.277975669333933	0.565657741785714	3.51883040092091	2.76056482098157	0.332042890604209	2.11940674835923	2.68090873616226	1.97257139010834	0.984916172026214	-0.261020831398754	1.43065517927232	2.14119410254413	-3.30554326912218	1.37658795800204	1.49847777561108	0.190964292344303	1.24833362247836	0.544604332587882	0.64570044945925	3.37656532832763	-3.30554326912218	-0.472329925065961	-3.30554326912218	-0.0097064031178478	0.0266612410530272	-0.820636619334177	-3.30554326912218	1.11329733867442	0.626282363602149	0.332042890604209	-0.597493068019967	-3.30554326912218	0.128443935362969	0.16019263367755	0.821591115922915	-0.820636619334177	-3.30554326912218	1.16036484953241	-3.30554326912218	0.16019263367755	-3.30554326912218	-3.30554326912218	-1.91924890800229	-3.30554326912218	-0.361104289955736	-3.30554326912218	-2.20693098045407	-1.69610535668808	-1.35963312006686	-1.69610535668808	-3.30554326912218	-1.51378379989412	-3.30554326912218	-3.30554326912218	-3.30554326912218	-2.20693098045407	-3.30554326912218	-1.22610172744234	0.128443935362969
Preg.Feces.PD.2229.week0	4.77257975622648	1.93578859082238	5.78616494696556	2.09147419036772	4.13936491638921	3.16314184379238	1.50307384026684	1.96753728913696	0.770484927655601	3.43547563929736	2.52913523827638	1.32845732984729	2.72619907680753	2.17950753985305	3.01509991845345	1.28818343070935	0.815436315517867	1.10859785373427	0.0181488757053248	0.524084514177124	2.68808344388502	3.41853291856705	0.781913623479224	1.6324529777906	1.32185664581594	1.00505717479343	0.431711194046109	2.0634785828783	-0.140075129509569	1.97100349711345	1.25333669937919	-1.74951304194367	2.13057691638147	2.65371580038082	-0.229687288199256	-0.0845052783547584	1.30178908276513	-0.328127361012509	2.24474806172145	-0.922834468759202	-0.00654373688504663	-3.69542319099898	-0.229687288199256	0.929549622285288	-0.363218680823779	0.216599814429163	-3.69542319099898	-3.69542319099898	1.1408587159525	-2.30912882987909	-3.69542319099898	-0.559928975069833	0.494231551027443	-1.39283809800494	-0.699690917444992	-0.750984211832542	0.553072051050376	-2.08598527856488	-0.198915629532503	-3.69542319099898	-1.05636586138372	-1.21051654121098	-2.08598527856488	-0.437326652977501	0.347628076835567	-1.13047383353745	-3.69542319099898	-1.05636586138372	-3.69542319099898	-3.69542319099898	-1.29752791820061	-3.69542319099898	-3.69542319099898	-3.69542319099898	-1.61598164931915	-3.69542319099898	-3.69542319099898	-3.69542319099898
Preg.Feces.PD.2229.week3	3.9049348388112	3.09755824586798	5.66416985091216	3.45268719619809	4.2509421528987	2.54359073995796	4.04247746826218	2.31505634000888	4.92107714112513	2.77316518160246	1.41772880884248	-1.29586157263535	0.955430225971149	2.49210878412282	1.99688410079931	0.536719891112964	3.15167966914916	0.882670871688721	-0.0671961557190385	-0.484931356419017	0.1312547830048	3.72141826417958	-1.98900875319529	0.0693793792867123	1.22986707167291	2.29916497267224	0.946619596288994	1.41218862846686	1.18904507715265	1.22317808352211	2.25948648885407	0.244583468311803	1.33722558999341	2.48263004016828	2.69312247392893	1.01502232317339	-0.561892397555146	1.01502232317339	0.946619596288994	-0.379570840761191	-0.284260660956866	3.65879108670997	0.467727019626013	0.296769221482373	-0.785035948869355	-0.448563712248142	-3.78076822242335	-3.78076822242335	0.91971214336907	-1.83485807336803	-3.78076822242335	-1.4781831294293	0.844204590860925	-1.14171089280809	-1.29586157263535	-1.58354364508713	0.89206061203856	-2.39447386130346	-0.09188876830941	-3.78076822242335	-2.17133030998925	-0.602714392075401	-1.83485807336803	-1.29586157263535	-3.78076822242335	-2.39447386130346	-2.68215593375524	-3.78076822242335	-1.70132668074351	-2.39447386130346	-3.78076822242335	-1.29586157263535	-3.78076822242335	-1.83485807336803	-3.78076822242335	-3.78076822242335	-3.78076822242335	-3.78076822242335
Preg.Feces.PD.2229.week6.2	3.46252162168696	4.05609681994939	6.09923285820717	-0.205912141266689	4.71857720211637	2.94192791048476	-0.542384377887901	2.21762556214502	1.1803822198532	0.510765536703451	1.16840602880649	4.78062560125051	0.843909983231989	1.47695323972223	1.77344594185616	1.24937509134015	-1.45867510976206	1.70539247861115	1.61709987146547	1.11901327347691	-0.417221234933895	3.70706279188684	1.57787915831219	1.82473923624372	2.40904763676951	1.88536385806015	1.46806429230498	2.06277140005168	1.10627424769948	2.81567351111364	1.53705716379193	-3.25043457899011	2.66845927528303	3.18089650294337	-1.05321000165389	0.215301323809615	1.16840602880649	0.333084359465999	-1.3045244299348	-0.159392125631796	0.810008431556308	-0.685485221528575	-0.947849485996066	1.05363051421406	0.53375505492815	0.246072982476369	-1.45867510976206	-0.611377249374853	0.641385719120515	-3.25043457899011	-3.25043457899011	-0.47784585675033	-0.360062821093947	-3.25043457899011	-0.114940363060962	0.246072982476369	1.0122452980512	0.00766195903137062	-3.25043457899011	-3.25043457899011	-3.25043457899011	-1.17099303731028	-3.25043457899011	-1.64099666655601	0.387151580736274	-1.45867510976206	-1.86414021787022	-1.17099303731028	-3.25043457899011	-3.25043457899011	-3.25043457899011	-3.25043457899011	-3.25043457899011	-3.25043457899011	-1.45867510976206	-3.25043457899011	-3.25043457899011	-3.25043457899011
Preg.Feces.PD.2239.week0	4.09203391359238	1.82790336027162	6.33282303939859	2.83020696680581	3.31113966658374	3.74076702397098	2.76669356108349	-1.2106489104653	3.62959339770227	2.13044454712715	2.63683557382527	-0.651033122529877	3.11678953392418	0.64173518057919	1.83980826277794	2.29715820625511	0.884296817750501	0.206417109321344	-1.09286587480892	-1.49833098291708	3.24078717558075	2.8079838300211	3.06253894417443	2.67091488747814	2.09898127767136	3.10517114597031	0.958404789904223	1.20971921818513	-0.651033122529877	1.37334864196693	0.516572037625184	-3.29009045214514	0.820783412028175	1.83387352725812	0.0421140580300679	-3.29009045214514	1.44610799624936	-0.345651472978696	1.62989047368299	0.14389675234001	-0.294358178591145	2.41035312124555	1.01397464105903	-0.399718694248971	-0.805183802357136	-1.49833098291708	-1.09286587480892	1.53822328515717	0.00574641385919297	-3.29009045214514	-3.29009045214514	1.00036898900326	0.206417109321344	0.820783412028175	-1.2106489104653	-3.29009045214514	-1.2106489104653	-1.34418030308982	-3.29009045214514	-3.29009045214514	0.423481614559172	-3.29009045214514	-3.29009045214514	-0.11203662179719	0.581110558762755	-2.19147816347703	-3.29009045214514	-0.517501729905355	-1.09286587480892	-0.805183802357136	-3.29009045214514	-3.29009045214514	-3.29009045214514	-3.29009045214514	-3.29009045214514	-3.29009045214514	-3.29009045214514	-3.29009045214514
Preg.Feces.PD.2239.week3	3.74564936283914	3.25035063662282	4.79152215780533	1.8927115312633	4.20653269752427	1.79796616367394	3.57565190569033	2.49884733483362	2.1079140312047	1.43058638958965	2.08019863135815	0.6483874314138	0.827435662862785	2.73271895838783	1.95830881374912	0.15054900317462	1.41704216448189	0.696243452591435	-0.169922892100152	-0.575388000208316	-0.19239574795221	3.46766326762623	-1.67400028887643	-0.0645623764423254	0.768346746492778	1.38939063315138	1.74372639473694	1.61440159864039	0.31387405927792	1.68984130624196	1.43506066998457	-3.97658538187047	1.47873573348723	2.58867958816489	2.11245949357637	1.22742130520632	0.213069360155954	1.28090999015731	0.677374968287052	0.0123986646938029	-0.238915763587103	-0.169922892100152	0.587762809597365	0.768346746492778	0.13428848230284	0.271909860178888	-1.08621362397431	-0.98085310831648	1.33168231553073	-0.98085310831648	-3.97658538187047	-0.932062944147048	1.30152927736005	-0.263013315166164	-1.26853518076826	-2.18482591264242	0.327479711333698	-2.03067523281516	-3.97658538187047	-3.97658538187047	-1.14337203781426	-0.798531551522526	-0.169922892100152	-0.313023735740825	-1.89714384019064	-1.26853518076826	-3.97658538187047	-2.59029102075058	-1.49167873208247	-2.36714746943637	-0.841091165941322	-1.26853518076826	-3.97658538187047	-1.89714384019064	-3.97658538187047	-3.97658538187047	-1.89714384019064	-3.97658538187047
Preg.Feces.PD.2239.week6.2	4.09666204448211	2.5053714543684	5.36140309156989	2.58394588700102	4.16476661921956	3.22274593026367	-0.404258120132179	2.95785187282193	-1.79055248125207	1.2444005054552	2.5939710336204	3.22937285975128	1.31850847760892	3.02487863021922	-0.404258120132179	1.83111822316842	0.69435416853593	1.85750497834161	0.848504848363189	1.11086911283068	-0.404258120132179	3.54313202913326	-0.91508374389817	1.12179818336287	2.47494033716586	1.99817230783158	-3.39999039368617	1.77049360135198	0.819517311489936	1.72397358571709	3.09073314081634	-3.39999039368617	2.47774538809347	2.38383478864357	-0.355467955962747	1.13260909946709	-0.45555141451973	1.6626046393408	2.10534114224619	1.23473859454347	1.2444005054552	1.50528438475226	-0.509618635790006	1.55583666391509	1.31850847760892	0.237595766040215	-1.60823092445812	-0.760933064070912	1.42029117191887	-3.39999039368617	-3.39999039368617	-1.45408024463086	1.70595508021441	-2.30137810501806	0.313581673018137	-0.221936563338225	0.406672096084149	1.30048997210625	-3.39999039368617	-1.60823092445812	-3.39999039368617	-0.91508374389817	-1.45408024463086	-3.39999039368617	-3.39999039368617	-3.39999039368617	-3.39999039368617	-3.39999039368617	-3.39999039368617	-3.39999039368617	-1.09740530069212	-3.39999039368617	-3.39999039368617	-3.39999039368617	-3.39999039368617	-3.39999039368617	-2.01369603256628	-1.32054885200633
Preg.Feces.PD.2256.week0	4.1831129825338	1.75279452303021	6.35983795339998	3.1296696622336	3.78586484752792	2.72735416302834	1.87057755868659	1.85940425808846	3.31880287753697	2.66407271308082	2.36120047513506	2.69864405714591	2.4767133622569	0.80475509284147	1.85940425808846	0.628864426377806	1.60487439295358	0.415290326079747	-0.231336838845305	-0.683321962588363	-0.32664701864963	2.87609942428869	0.628864426377806	1.9957407016406	1.75279452303021	2.66908525490436	0.366500161910315	1.78960849615292	-1.01979419920958	0.981685801000548	1.41381915619087	-2.62923211164368	1.49790227340142	2.0151587874977	0.078818089458534	0.628864426377806	1.08433995506063	-0.432007534307457	2.28342277409238	-0.837472642415621	-1.01979419920958	-2.62923211164368	0.46181034171464	0.897128412972485	-0.432007534307457	-0.0642827541821393	-1.01979419920958	-1.01979419920958	0.143356610596105	-2.62923211164368	-2.62923211164368	0.666604754360653	0.366500161910315	0.366500161910315	-0.54979056996384	-2.62923211164368	-2.62923211164368	-1.53061982297557	-0.54979056996384	-2.62923211164368	-0.837472642415621	-2.62923211164368	-2.62923211164368	-0.231336838845305	-2.62923211164368	-2.62923211164368	-2.62923211164368	-0.837472642415621	-2.62923211164368	-2.62923211164368	-2.62923211164368	-2.62923211164368	-2.62923211164368	-2.62923211164368	-2.62923211164368	-2.62923211164368	-2.62923211164368	-2.62923211164368
Preg.Feces.PD.2256.week3	4.3983069331721	2.99611868729819	4.58477584892372	4.82708931634565	3.96438802264621	2.52760426160392	3.14920429087182	2.57639442577335	1.63484402713996	2.31629516793672	2.89257800835735	2.72567417536602	2.48876442828766	1.14130990048403	2.20108235583588	0.564886994232229	4.08625000719792	0.0982674629707335	-0.180445939498287	-0.334596619325545	0.512701241061658	3.85379469865411	-3.51265044967349	-0.0786632451883447	0.764015669342564	1.12207853855614	0.294012040096829	1.46408329274708	-0.947701092211954	1.07231702899708	1.43610944070468	3.8352933734752	1.39262432876494	2.15031003046245	2.24625132420379	2.05950358250427	-1.31542587233727	0.750029427367824	1.49798484442277	0.941696846580017	-1.02774379988549	-3.51265044967349	0.476333596890784	0.856797402793531	0.200921617030817	-0.0161428882070106	-0.56821147050705	-2.41403816100538	1.12207853855614	-3.51265044967349	-3.51265044967349	-1.31542587233727	0.721456054923769	-1.90321253723939	-0.334596619325545	-1.72089098044544	0.337497152036568	-1.72089098044544	-0.334596619325545	-3.51265044967349	-1.72089098044544	-3.51265044967349	-3.51265044967349	-0.74006172743371	-3.51265044967349	-1.72089098044544	-2.41403816100538	-2.41403816100538	-1.56674030061818	-1.56674030061818	-3.51265044967349	-3.51265044967349	-2.1263560885536	-3.51265044967349	-3.51265044967349	-1.72089098044544	-2.41403816100538	-3.51265044967349
Preg.Feces.PD.2256.week6.2	4.34142479179642	4.3353044054691	4.75476838747666	1.92781344560887	5.03457197235637	2.6285078318042	0.829201156940761	5.39897965333577	-2.9549884769775	2.28675853808214	1.27911802761976	3.04642640098365	-0.757763899641281	3.44526896833132	2.7421050095279	1.34907661622667	-0.182399754737719	2.53394924917919	3.00084889248733	0.682597682748886	2.07544944441494	4.88217117302418	0.62853046147861	0.223065353370445	0.62853046147861	-0.182399754737719	-2.9549884769775	3.2229556370731	0.0407437965764909	4.00250889389945	2.31286968208583	1.54482119335276	2.63226018142275	3.97745941459501	-0.4700818271895	-2.9549884769775	-0.4700818271895	1.66998433630677	-2.9549884769775	2.57444061053392	1.24970414241347	-2.9549884769775	-2.9549884769775	2.21549551806065	0.0895339607459228	-2.9549884769775	-2.9549884769775	-2.9549884769775	1.18814624941403	-2.9549884769775	-2.9549884769775	-1.56869411585761	0.758583589726808	-2.9549884769775	-1.16322900774945	0.758583589726808	1.36249963655881	-0.121775132921284	-2.9549884769775	-2.9549884769775	-2.9549884769775	-0.0646167190813354	-2.9549884769775	-2.9549884769775	-2.9549884769775	-2.9549884769775	0.340848389026829	-2.9549884769775	-2.9549884769775	-2.9549884769775	0.600359584511914	-2.9549884769775	-0.875546935297664	-2.9549884769775	-2.9549884769775	-2.9549884769775	-2.9549884769775	-2.9549884769775
Preg.Feces.PD.2258.week0	3.49529667363822	1.75910705556498	6.16802121152429	3.31487806699036	3.95030751829782	3.34114599381097	1.93237877683902	-0.552527872948984	3.37214209417993	2.57502979338443	1.23923159627907	0.738456308366581	1.96955778008077	1.2836833588499	1.298072096302	-0.0600513878511901	1.41902470671967	0.713138500382292	-0.311365816132096	-0.647838052753309	0.575937378868807	2.76000387162751	-0.117209801691139	1.70353720441017	1.62428783275603	2.28601881708259	1.44402600892508	1.83706859703469	-0.647838052753309	1.46841746204924	1.19271158064418	-2.95042314574735	1.70353720441017	1.95485163269107	0.140619307610961	0.66049476689687	0.345413720256974	-0.0600513878511901	3.17206966376703	-0.647838052753309	-0.242372944645145	-2.95042314574735	0.546084415719125	0.810776969946208	0.268452679120846	-0.465516495959354	-0.552527872948984	0.0453091278066361	-0.311365816132096	-2.95042314574735	-2.95042314574735	-0.242372944645145	-0.0600513878511901	0.575937378868807	-0.242372944645145	-2.95042314574735	-0.870981604067519	-1.00451299669204	-0.552527872948984	-2.95042314574735	-0.242372944645145	-1.00451299669204	-1.34098523331325	-0.465516495959354	-2.95042314574735	-1.1586636765193	-1.34098523331325	-0.385473788285818	-2.95042314574735	-2.95042314574735	-2.95042314574735	-2.95042314574735	-2.95042314574735	-2.95042314574735	-2.95042314574735	-2.95042314574735	-2.95042314574735	-2.95042314574735
Preg.Feces.PD.2258.week3	4.18891509138272	2.53183314670981	5.19250112673329	5.47627212587625	4.17505805672129	1.57700875083341	4.47725225720873	2.1212000684432	4.45891221403872	3.11425992129168	2.37997079740056	-1.53205220802758	0.969383743711628	2.15682724608635	2.90588205858459	1.16257497274249	4.18035959332667	0.619709995231879	-0.00599590453253392	-0.433439919359474	1.27735048733491	3.59784650689549	-3.14149012046168	-0.00599590453253392	0.355017441004797	1.85572215330243	0.985644264583408	1.27735048733491	0.19071438971352	1.18924321982465	1.27735048733491	-3.14149012046168	1.03289714943395	2.24758160935482	2.88919513979958	0.442028817994426	1.00164460592985	0.665172369308636	1.26522912680257	0.865843064770787	-1.06204857878185	-3.14149012046168	0.865843064770787	0.828801793090438	-0.502432790846425	0.522071525667963	1.10700512158768	-0.368901398221902	0.22580570952479	-3.14149012046168	-3.14149012046168	-0.656583470673683	0.665172369308636	-0.433439919359474	-3.14149012046168	-3.14149012046168	0.770532884966462	-3.14149012046168	-0.00599590453253392	-3.14149012046168	-3.14149012046168	-1.53205220802758	-0.656583470673683	-0.368901398221902	-3.14149012046168	-3.14149012046168	-3.14149012046168	-3.14149012046168	-3.14149012046168	-3.14149012046168	-3.14149012046168	-1.06204857878185	-3.14149012046168	-3.14149012046168	-3.14149012046168	-1.34973065123363	-3.14149012046168	-3.14149012046168
Preg.Feces.PD.2258.week6.2	4.96404240673206	2.70187755909885	5.53054225990303	2.49856572641306	4.03053337717117	2.94208536678433	1.96939096397888	2.81536519743557	-3.81135255181345	2.48575676812048	0.55809530065357	-0.515515685809123	2.90403083452123	2.28672173035279	2.56196723776356	2.34774283667848	1.39265413526334	1.21908536957898	0.0172888446756431	0.688457118516813	0.0598484590944391	3.6718918642604	1.65247925321216	0.842607798344071	0.933579576549798	0.898177649498882	1.00892901379158	2.50038225733946	-0.866913572647011	2.08029166001232	1.48195227291104	2.3306848537739	2.2241288807113	2.91368109035339	0.492712541390718	0.710436025235588	1.67758517434323	0.532452870040232	1.77214375696825	1.49195235624562	-0.515515685809123	-3.81135255181345	-3.81135255181345	1.3591314432247	0.299521312359859	0.0172888446756431	-3.81135255181345	-3.81135255181345	0.783767298321138	-3.81135255181345	-3.81135255181345	0.120473080910874	0.195980633419019	-1.17229522219819	-0.444056721826978	-0.720310098455136	-0.0736829335300836	-1.50876745881941	-3.81135255181345	-3.81135255181345	-0.515515685809123	-0.377365347328306	-0.720310098455136	-1.10330235071124	-3.81135255181345	-0.0736829335300836	-1.17229522219819	-1.73191101013362	-1.73191101013362	-2.71274026314534	-3.81135255181345	-2.0195930825854	-2.0195930825854	-3.81135255181345	-2.20191463937935	-3.81135255181345	-2.71274026314534	-1.50876745881941
Preg.Feces.PND.2181.week0	3.87197554107908	2.15267115106645	6.10032420151715	2.94794782670278	3.91779466304589	3.36627484845335	1.38899381970067	1.23995824054018	3.42017390357507	2.85296121913878	1.13657988608634	1.01009573897722	1.78931752830841	1.39665669244624	2.08597977656778	1.66312292574774	0.890907221712106	0.210338823359021	-0.770490429652705	-1.2813160534187	1.11657921937967	2.85651362074314	1.51189195602382	1.91508691559745	1.95518137279932	2.27403200807072	0.903486003918967	1.82476427730416	0.185021015374731	1.67475096374286	0.865264791098769	-3.47854063075492	1.60905570447747	1.24884718795743	-0.387498177396599	-0.300486800406969	1.30058286235661	-0.300486800406969	2.35627010630769	-1.17595553776087	-0.182703764750586	2.06663681372465	-0.343046414825765	0.726151988636051	-0.434018193031492	-0.259664805886714	0.975806665498593	0.0768074307344987	0.185021015374731	-3.47854063075492	-3.47854063075492	0.615803931467186	0.546811059980234	0.546811059980234	-0.839483301139656	-1.08064535795654	-1.5326304816996	-1.39909908907508	-1.08064535795654	-3.47854063075492	-3.47854063075492	-1.5326304816996	-1.2813160534187	-0.534101651588475	-3.47854063075492	-1.2813160534187	-1.86910271832081	-0.434018193031492	-3.47854063075492	-3.47854063075492	-3.47854063075492	-3.47854063075492	-3.47854063075492	-3.47854063075492	-2.3799283420868	-3.47854063075492	-1.39909908907508	-3.47854063075492
Preg.Feces.PND.2181.week3	3.65009822432686	3.56487317553467	5.6246274045214	4.2128069836185	3.62456057501539	1.80073528361654	3.60523377862203	1.54252902929771	4.27327950775413	2.08601061603776	1.42370811082891	-0.113626507703846	0.948081224028813	1.73448589807534	1.87781502615942	0.476572703603657	3.33359669635359	0.16860595998037	-0.253388450079005	-0.897745466469518	0.320411972848375	3.32316181906101	-0.806773688263791	-0.204598285909573	1.23388182838089	2.39101172394675	0.963006874245488	1.31522746783484	0.476572703603657	1.02057672606697	1.61069168072868	-1.16967918195316	0.977713021635184	1.51305321116476	2.0956030157292	1.19353053285732	-0.0504476060823143	0.793930544201555	1.44222715859615	-0.476532001393214	-0.386919842703527	3.17655834486914	0.476572703603657	-0.0921203024828823	-0.41590737957678	-0.253388450079005	1.90705687575392	-1.05189614629678	0.118175106353479	-3.94226790419294	-3.94226790419294	-0.94653563063895	0.6116089874076	0.232119365702696	-1.54437263139457	-3.94226790419294	0.0830837865422084	-3.94226790419294	-0.0302448987647948	-2.33282999175884	-3.94226790419294	-1.10905456013672	-0.764214073844995	-0.476532001393214	-3.94226790419294	-1.8628263625131	-2.55597354307305	-1.8628263625131	-2.55597354307305	-1.6396828111989	-1.8628263625131	-0.684171366171459	-3.94226790419294	-2.84365561552483	-2.55597354307305	-3.94226790419294	-3.94226790419294	-3.94226790419294
Preg.Feces.PND.2181.week6.2	4.62388493378449	3.4050235169648	5.42594016537831	2.216799069607	4.10469697402602	3.70600955504294	2.95575578619824	3.13152607950498	-3.32837837487256	2.73772971523119	1.77756709902802	-1.24893683319272	2.16055935128413	2.97789691207546	3.5601940846928	1.88110777796886	1.58427651086349	0.814756351518973	0.0389174551139147	-0.689321045257301	1.49993536242974	3.73123925341882	2.68777878482579	-0.19288415894341	1.98482760416923	0.542822636035332	-3.32837837487256	1.23596981659528	-0.555789652632778	1.49993536242974	0.948287744143496	1.8590074309682	1.82491321962522	1.73421665815441	0.798756010172532	-0.283855937149136	2.23996612888854	-0.19288415894341	1.83067692434197	1.18248113164429	0.521769226837499	-0.843471725084559	-0.150324544524614	0.226969686616854	-0.283855937149136	0.47828411489776	0.603447257851767	-3.32837837487256	0.962081066275832	-3.32837837487256	-3.32837837487256	-1.38246822581725	-0.438006616976395	-0.843471725084559	-0.763429017411023	-0.332646101318568	0.948287744143496	-0.0325415088682302	-0.438006616976395	-3.32837837487256	-3.32837837487256	-1.5366189056445	-0.332646101318568	-1.38246822581725	-3.32837837487256	-3.32837837487256	-1.13115379753634	-3.32837837487256	-3.32837837487256	-3.32837837487256	-3.32837837487256	-1.5366189056445	-3.32837837487256	-3.32837837487256	-1.94208401375267	-3.32837837487256	-3.32837837487256	-3.32837837487256
Preg.Feces.PND.2194.week0	4.33431286620355	1.2783617326565	6.69530469168761	2.18076335236999	3.29096325621049	4.45713369588989	1.00210835602835	0.213650995664076	3.79994386100291	3.01093233049423	-0.99032180866186	2.10072064469646	2.7938678252564	1.04656011859918	1.72877822862693	1.83303923895134	0.651905926595231	-0.00949255565013387	-2.78208127788992	0.550123232285289	1.10973902022071	2.29932308709455	1.70655509184222	2.55063751537545	2.82739051729504	2.79764854809631	-0.297174628101915	1.43742642728619	-0.584856700553696	1.34505310715518	0.906798176224021	-2.78208127788992	1.50837816325848	0.979118837803647	-0.217131920428378	0.0511320661663009	1.79262970061347	-1.17264336545581	3.01397647287546	-0.99032180866186	-0.99032180866186	2.39970227240217	0.0511320661663009	0.308961175468401	-0.384186005091545	-0.479496184895869	1.54865206239642	1.06806632382014	-0.074031076787705	-2.78208127788992	-2.78208127788992	0.683654624909811	-1.68346898922181	0.436794546978286	-0.99032180866186	-2.78208127788992	-2.78208127788992	-1.68346898922181	-0.99032180866186	-0.836171128834602	-2.78208127788992	-2.78208127788992	-2.78208127788992	-1.17264336545581	-2.78208127788992	-1.39578691677002	-2.78208127788992	-0.217131920428378	-2.78208127788992	-0.99032180866186	-2.78208127788992	-2.78208127788992	-2.78208127788992	-2.78208127788992	-2.78208127788992	-2.78208127788992	-2.78208127788992	-2.78208127788992
Preg.Feces.PND.2194.week3	3.76239186974092	1.94007568005221	6.21696340571737	5.1907799872862	3.3794569388571	2.41406073459713	4.13256091202453	0.595454015332883	4.7685846089714	2.8217309152636	1.63088740237946	0.341219876948643	1.06034254391185	1.41316391853459	1.53194745452456	-0.405994524881578	3.95355925394024	0.417205783926565	-1.21692474109791	-0.657308953162484	1.00769881042643	3.06666182076272	0.487823351140518	0.746684985056807	2.09270544703876	2.37351464020278	1.07308156968928	0.710966902454728	0.200141278688737	0.200141278688737	0.728985407957406	-3.29636628277774	0.635459349946583	0.764076727768676	1.67344701679826	0.417205783926565	2.69759514452883	-0.588316081675533	1.13445051606557	-0.811459632989743	-1.35045613372243	2.90616923441018	0.952128959271616	-0.118312452429798	-0.811459632989743	-0.898471009979373	2.5413641643882	1.35759406737978	-0.351927303611303	-3.29636628277774	-3.29636628277774	0.574834728130148	-0.25184384505432	0.070929547208731	-1.91007192165785	-3.29636628277774	0.0358382273974608	-3.29636628277774	-0.588316081675533	-0.657308953162484	-3.29636628277774	-3.29636628277774	-3.29636628277774	-0.523777560537962	-3.29636628277774	-1.68692837034364	-3.29636628277774	-1.91007192165785	-0.993781189783698	-1.35045613372243	-3.29636628277774	-0.898471009979373	-3.29636628277774	-3.29636628277774	-3.29636628277774	-3.29636628277774	-3.29636628277774	-3.29636628277774
Preg.Feces.PND.2194.week6.2	4.84260255551062	2.55254372233575	4.86872886010284	2.14292060407892	3.82700205950879	4.15615556752049	1.93528123930068	2.7167210270063	-2.9322532111549	4.02714530097907	1.30185329344236	0.012185768011538	2.70253639201435	1.87176783357835	2.35095051758309	1.35820622999349	0.917894390555156	0.979769794273244	0.012185768011538	1.71213768798647	3.77826989829753	3.57800512936825	2.32524216087288	1.5220940850986	0.245800619193043	-0.986343062099589	1.30185329344236	1.95809591706685	-0.447346561366902	2.00222072197579	2.18574060126185	0.203241004774247	2.33043697774998	2.13034182187206	-0.0990398670986864	1.57860629536195	-1.14049374192685	-0.367303853693366	2.84539911206775	1.56755645917536	-0.367303853693366	-2.9322532111549	-2.9322532111549	0.623094850334511	-0.986343062099589	-0.367303853693366	-1.54595885003501	-2.9322532111549	0.468944170507253	-2.9322532111549	-2.9322532111549	-1.3228152987208	0.705332948571483	-1.3228152987208	-0.0418814532587377	0.112269226568521	-2.9322532111549	-1.14049374192685	0.32584332686658	-2.9322532111549	-0.534357938356532	-2.9322532111549	-2.9322532111549	-0.986343062099589	-2.9322532111549	-0.534357938356532	-1.3228152987208	-2.9322532111549	-2.9322532111549	-2.9322532111549	-0.986343062099589	-2.9322532111549	-2.9322532111549	-2.9322532111549	-2.9322532111549	-2.9322532111549	-2.9322532111549	-2.9322532111549
Preg.Feces.PND.2232.week0	4.52613198566619	2.46811075834332	6.28005937958347	3.0804965822588	4.07927132408886	4.22130064338378	1.70350461380123	2.01858566044112	2.64418679879954	2.83649844866858	2.76864097327295	3.49526408302928	3.09441792077741	2.69125430965753	2.5897178904381	1.34329609728118	1.5062574067906	1.28873711303075	-0.81914236396962	0.142268803185004	0.997934913242725	2.91301759850278	-0.339569283707734	1.72185375246942	2.69355052191788	2.69355052191788	0.304787732682779	1.65933339548809	0.726782142742154	0.892574397584898	1.03474888636544	-3.38409172143116	1.7339020909856	1.7398722579721	0.400097912487104	-1.08150662843711	1.45219018552032	-0.0518872112559532	0.487109289476734	-1.18686714409494	-0.339569283707734	-3.38409172143116	-0.0518872112559532	0.805563020595269	-0.745034391815898	-0.676041520328947	-0.388359447877166	-3.38409172143116	0.142268803185004	-3.38409172143116	-3.38409172143116	1.1485077717221	0.527931283996989	0.253494438295229	-1.30465017975132	-1.08150662843711	-0.0167958914446831	-0.676041520328947	0.422570768339163	0.56715199715027	-0.899185071643157	-3.38409172143116	-3.38409172143116	-1.30465017975132	-3.38409172143116	-3.38409172143116	-3.38409172143116	-0.550878377374941	-3.38409172143116	-3.38409172143116	-3.38409172143116	-3.38409172143116	-2.28547943276305	-3.38409172143116	-3.38409172143116	-3.38409172143116	-3.38409172143116	-3.38409172143116
Preg.Feces.PND.2232.week3	4.01879675813952	2.93159686152316	5.24328929269664	3.3455365966223	3.79187995645868	1.22738054276177	4.7561461535742	2.71903541953949	2.9090031086148	2.44355925276721	1.42805123822392	-1.08106966968468	1.4702120490482	2.9262635155478	2.75267377868832	1.74519920201873	3.06393072888981	0.821915434653604	-0.417775452274411	1.4702120490482	-0.969844034574451	3.44645688931739	-3.91428301374089	-0.695407188872691	1.22738054276177	1.93791946603358	0.0175426189834344	1.16712135124357	0.403205099795419	0.873208729041155	1.06932360796745	-3.91428301374089	0.650065177726945	2.04929632987755	2.59597532678226	0.945529390620781	0.3761764274075	0.305224691435215	0.0175426189834344	-0.0641354120308329	-1.96837286468558	1.69884509264718	1.10959750710538	0.91403072356141	-1.42937636395289	-0.38792248912473	-0.107620523970572	-1.14169429150111	0.348396863300424	-0.0224627156302648	-3.91428301374089	-1.34933365627935	-0.303365101096667	-0.546987183754417	-1.20623281263868	-3.91428301374089	0.596576492775959	-3.91428301374089	0.574353355991248	0.429522408112792	-0.38792248912473	-1.14169429150111	-1.61169792074685	-0.417775452274411	-3.91428301374089	-1.42937636395289	-2.81567072507278	-1.96837286468558	-1.61169792074685	-2.527988652621	-3.91428301374089	-0.107620523970572	-3.91428301374089	-1.96837286468558	-3.91428301374089	-1.08106966968468	-3.91428301374089	-3.91428301374089
Preg.Feces.PND.2232.week6.2	4.30611830697409	2.62828695361197	5.59870141918167	1.27514479980898	4.05247768547074	4.69358398790564	0.364274135404163	3.28569051498229	-3.24664377724006	3.00526010592583	3.37874859076789	2.6026810027068	2.35177818175831	2.24641766610049	0.943010964786364	0.603503824469997	-0.413430433183845	1.79678133967918	2.21718802778555	0.927743492655575	1.11006504944953	4.02505992964731	-0.413430433183845	1.44470410498908	3.16353110472611	2.9798928920474	-0.538593576137852	2.37375708847709	-0.202121339516639	1.46288642407227	2.07636620189835	-3.24664377724006	1.8773202021632	2.74980831137896	0.685181855484264	-3.24664377724006	-1.63720586480596	0.120652052746412	-0.068589946892116	1.04381566390833	1.0018514648093	2.84692599280507	-3.24664377724006	1.92950595533377	0.624557233667829	-0.068589946892116	0.364274135404163	-0.848748504441691	0.491025841043307	-3.24664377724006	-3.24664377724006	-1.45488430801201	1.31770441422777	-3.24664377724006	-0.202121339516639	0.187343427245085	0.308704284249352	1.8471064235667	-3.24664377724006	-1.16720223556023	-3.24664377724006	-0.302204798073621	-3.24664377724006	-1.86034941612017	-3.24664377724006	-3.24664377724006	-1.63720586480596	-3.24664377724006	-3.24664377724006	-3.24664377724006	-1.16720223556023	-3.24664377724006	-2.14803148857195	-3.24664377724006	-3.24664377724006	-3.24664377724006	-3.24664377724006	-3.24664377724006
Preg.Feces.PND.2257.week0	3.32350739430882	2.30391709259686	5.98800567703506	2.80290825871585	4.22321577242667	2.68957957340885	1.76071005932783	0.974781145316922	3.62763179706452	2.71913837565039	2.11865002557315	2.59526889393761	1.58091694888724	1.96597318536419	1.7350676287145	0.0303195364760701	0.649358744882294	0.281633964756976	0.687099072865141	-2.60873779313919	0.281633964756976	3.22314468414433	0.224475550917028	0.946610268350225	1.17545184077907	2.61161803193914	1.55014529022048	1.34250592544224	0.163850929100593	1.12893182514418	2.01623502014508	-2.60873779313919	2.17038569997234	1.65394208390213	-0.123831143351188	-2.60873779313919	-0.306152700145143	0.856998109660538	3.40985542135705	-0.816978323911133	0.0993124079630217	-2.60873779313919	0.526756422789961	1.12893182514418	-0.306152700145143	-0.816978323911133	-2.60873779313919	-0.411513215802969	0.0303195364760701	-2.60873779313919	-2.60873779313919	-0.0437884356776517	0.917622731476973	-0.0437884356776517	-0.816978323911133	-1.51012550447108	-2.60873779313919	-1.51012550447108	-0.999299880705088	-2.60873779313919	-0.662827644083875	-2.60873779313919	-2.60873779313919	0.0303195364760701	-2.60873779313919	-0.999299880705088	-1.2224434320193	-0.662827644083875	-2.60873779313919	-2.60873779313919	-2.60873779313919	-2.60873779313919	-2.60873779313919	-2.60873779313919	-2.60873779313919	-2.60873779313919	-2.60873779313919	-1.51012550447108
Preg.Feces.PND.2257.week3	4.12756977820786	1.97795402999524	5.83381937222988	5.36126184690662	3.55568899918786	2.59753864337817	4.96227391149749	1.70202297407898	4.05828170376674	2.14118192797362	2.45414415709848	-2.97080586038293	1.08963715016349	2.31746117031161	2.27621821177756	0.640112052261299	4.45812133441935	0.525701701083555	-0.773581283046706	-0.572910587584554	1.75658195832942	2.8282867940776	-1.17904639115487	0.0737165773404978	0.790394255310637	1.46001093846039	0.790394255310637	0.961019772341401	0.248069964485276	0.742766206321383	1.58307103121762	-2.97080586038293	1.10673158352279	1.41122077429096	2.62018112012793	-2.97080586038293	-0.0263668812164846	0.584542201106488	0.961019772341401	0.0249264131710659	-0.668220767388879	3.84702471107122	0.361398649792279	0.361398649792279	-2.97080586038293	-0.485899210594925	0.900395150524966	1.24870184479318	-0.137592516326709	-0.137592516326709	-0.773581283046706	-1.17904639115487	-0.137592516326709	-0.485899210594925	-1.17904639115487	-1.36136794794882	-0.0804341024867604	-2.97080586038293	-1.17904639115487	-2.97080586038293	-1.58451149926303	-1.87219357171482	-1.02489571132761	-2.97080586038293	-2.97080586038293	-2.97080586038293	-2.97080586038293	-1.58451149926303	-2.97080586038293	-2.97080586038293	-2.97080586038293	-2.97080586038293	-2.97080586038293	-2.97080586038293	-2.97080586038293	-1.87219357171482	-2.97080586038293	-2.97080586038293
Preg.Feces.PND.2257.week6.2	3.97609955664271	1.70409788702075	5.66708883270971	3.11713975650766	4.50928208750998	2.06438077233568	0.54335381724563	5.21438376653095	-0.768832571720539	1.77389364895629	0.750993182023875	3.4548680117156	-2.71474272077585	4.13007275843241	2.25507057880015	1.04645739491771	1.27424132578842	2.4726430850649	3.22805665435085	-0.229836070987852	-0.635301179096016	4.01746798569135	-0.00669251967364193	0.420751495153298	1.37960184144625	0.781764840690628	-2.71474272077585	2.20523820505227	0.504133104092349	2.34785231225111	2.28246955298826	-2.71474272077585	2.33511328647368	2.89105934552015	-1.32844835965596	-2.71474272077585	0.0578460014639292	0.617461789399352	-2.71474272077585	1.87022475789472	0.54335381724563	2.22689970183345	-2.71474272077585	0.974136733338084	0.463311109572094	-2.71474272077585	-2.71474272077585	0.504133104092349	1.76259409370235	-2.71474272077585	-2.71474272077585	-1.10530480834175	-0.316847447977481	-2.71474272077585	-0.412157627781806	0.504133104092349	1.19728028465229	-0.768832571720539	-2.71474272077585	-2.71474272077585	-2.71474272077585	-2.71474272077585	-2.71474272077585	-1.61613043210774	-0.768832571720539	-2.71474272077585	-0.412157627781806	-2.71474272077585	-2.71474272077585	-2.71474272077585	-0.00669251967364193	-2.71474272077585	-2.71474272077585	-2.71474272077585	-1.10530480834175	-2.71474272077585	-2.71474272077585	0.280989552778139
