feature	ASV1	ASV2	ASV3	ASV4	ASV10	ASV11	ASV13	ASV15	ASV17	ASV18	ASV27	ASV28	ASV33	ASV36	ASV53	ASV62	ASV63	ASV67	ASV68	ASV73	ASV74	ASV76	ASV81	ASV82	ASV86	ASV87	ASV88	ASV90	ASV93	ASV99	ASV100	ASV105	ASV107	ASV108	ASV117	ASV121	ASV126	ASV129	ASV137	ASV138	ASV139	ASV147	ASV148	ASV161	ASV169	ASV182	ASV188	ASV190	ASV205	ASV215	ASV226	ASV228	ASV233	ASV234	ASV238	ASV240	ASV245	ASV261	ASV262	ASV263	ASV275	ASV301	ASV348	ASV362	ASV365	ASV369	ASV399	ASV404	ASV412	ASV414	ASV419	ASV439	ASV449	ASV493	ASV498	ASV504	ASV530
Preg.Feces.PD.2104.week0	515	133	6089	413	778	533	70	27	159	279	109	148	88	90	85	11	86	34	8	6	32	328	0	97	70	51	38	59	8	67	52	0	83	99	9	18	61	26	330	10	14	20	30	14	15	0	7	5	21	38	49	11	45	10	7	0	17	10	4	0	18	0	6	12	0	4	3	0	4	0	0	0	0	0	0	0	0
Preg.Feces.PD.2104.week3	2159	478	5999	2476	1725	100	1200	377	0	456	198	5	43	431	641	46	1414	22	47	22	224	1975	0	3	40	64	17	139	11	104	204	0	159	217	500	0	9	29	5	31	13	0	11	19	13	9	0	0	24	0	0	16	50	2	4	0	69	0	0	27	0	54	3	0	0	0	4	0	3	0	2	0	0	0	0	0	0
Preg.Feces.PD.2104.week6.2	2927	137	2977	299	989	301	24	141	0	1321	141	164	168	152	282	89	68	27	168	180	20	804	0	43	112	9	39	83	33	73	88	0	135	119	21	0	12	36	25	37	31	21	0	27	13	16	0	6	23	0	0	3	12	0	5	0	41	17	0	0	0	0	0	0	0	2	2	0	0	0	0	0	4	2	0	0	0
Preg.Feces.PD.2106.week0	659	612	3892	87	1520	454	22	369	115	399	78	45	92	183	193	25	24	113	38	95	50	1189	3	87	59	75	82	209	35	181	110	3	251	318	0	13	27	45	115	119	32	25	19	51	35	12	0	0	62	19	129	7	56	0	16	15	77	14	12	0	17	17	0	6	0	4	8	0	2	0	6	0	0	0	0	0	0
Preg.Feces.PD.2106.week3	521	1620	467	540	4202	46	114	152	3	157	141	22	23	724	241	10	240	63	107	5	62	2055	0	0	0	0	68	101	33	115	149	102	119	397	87	0	0	69	47	76	14	0	21	84	31	9	0	0	55	0	0	0	53	0	11	9	47	11	49	0	22	81	0	0	0	0	8	0	0	5	11	0	3	0	0	0	0
Preg.Feces.PD.2106.week6.2	1437	195	1609	63	3144	468	19	4124	3	520	11	421	17	1791	651	220	14	162	81	261	17	2017	113	19	11	24	0	137	38	236	284	91	314	233	18	5	0	132	0	116	27	0	0	56	13	7	0	0	45	3	0	0	20	0	0	6	58	11	0	0	0	6	0	0	3	0	4	0	0	0	30	0	5	0	0	0	0
Preg.Feces.PD.2107.week0	827	572	6867	108	1204	255	40	6	225	548	48	7	108	213	258	46	18	95	16	74	53	531	0	88	108	103	103	104	34	138	85	0	207	105	5	17	10	50	251	47	20	61	11	30	22	20	11	0	31	54	46	5	47	11	9	17	25	15	11	7	3	30	2	11	0	6	0	0	2	0	4	3	3	0	3	0	5
Preg.Feces.PD.2107.week3	880	264	4139	392	1357	202	471	151	2680	361	226	4	67	161	236	42	422	19	19	10	232	515	0	14	41	48	46	65	31	97	111	0	126	174	164	51	13	57	104	15	12	326	28	17	15	15	12	10	22	16	4	5	53	11	0	0	29	0	11	0	0	20	7	15	0	5	4	0	7	8	3	5	0	2	0	0	3
Preg.Feces.PD.2107.week6.2	1506	235	1261	48	2019	1617	36	4061	0	500	0	1987	26	1901	546	242	6	181	622	193	92	2039	0	262	83	41	0	149	32	217	404	0	504	302	27	0	0	163	0	238	57	0	0	90	42	4	0	0	53	0	0	0	37	0	9	108	111	45	0	0	0	0	0	5	0	0	7	0	10	0	10	0	0	0	4	0	0
Preg.Feces.PD.2108.week0	461	450	6577	135	670	548	20	41	186	200	39	89	73	115	78	11	16	107	22	189	33	475	0	169	99	81	57	109	50	145	76	0	157	148	8	19	34	67	157	21	26	42	16	68	20	4	5	0	39	12	167	15	23	0	8	13	28	4	0	0	19	9	0	10	0	0	0	2	0	0	4	0	3	0	0	0	0
Preg.Feces.PD.2108.week3	544	155	5221	501	641	99	735	316	2	201	0	694	2	115	125	24	357	23	115	5	68	514	0	28	185	36	0	40	16	73	51	0	38	66	134	0	16	39	0	14	11	0	0	21	3	0	10	6	11	0	0	3	14	0	0	0	31	0	0	0	0	3	0	0	0	0	0	0	0	8	0	10	0	3	0	0	0
Preg.Feces.PD.2108.week6.2	1965	296	3245	299	2720	1255	63	1726	9	2409	11	76	9	1105	760	209	52	133	208	451	4	2265	4	43	74	37	16	118	89	128	433	0	293	109	51	0	66	112	0	292	51	0	0	61	16	0	0	0	40	0	2	11	17	0	8	7	86	4	0	0	0	2	0	0	8	0	12	0	0	0	28	0	0	0	0	0	0
Preg.Feces.PD.2114.week0	978	74	7899	256	453	346	103	35	154	323	161	290	158	84	97	40	40	16	0	23	110	218	59	193	116	131	46	55	7	20	41	12	29	44	18	29	29	6	119	6	8	0	22	21	5	7	0	0	15	72	29	17	25	19	3	0	12	0	0	0	19	0	0	10	36	0	0	2	0	0	0	0	0	0	0	0	0
Preg.Feces.PD.2114.week3	455	2698	546	288	4991	28	55	880	3	230	129	9	21	289	246	65	96	103	39	36	37	1893	0	4	7	12	71	409	37	466	314	57	125	493	64	17	0	115	15	91	20	0	27	247	27	14	0	0	31	13	10	0	126	2	30	7	75	0	21	0	10	20	0	2	0	0	4	0	0	3	14	0	7	3	0	0	0
Preg.Feces.PD.2114.week6.2	1727	307	4160	366	1446	624	15	1139	0	714	0	368	28	1274	881	358	61	91	378	298	194	1477	94	75	35	28	0	84	64	137	200	101	159	64	27	0	0	120	0	145	33	0	0	62	7	0	0	0	50	0	0	0	22	0	7	8	23	23	0	0	0	0	0	0	7	0	0	0	0	0	14	0	0	0	3	0	0
Preg.Feces.PD.2115.week0	503	228	5012	75	1035	186	20	8	121	236	173	25	80	171	132	13	17	72	7	55	153	371	42	84	68	88	52	93	25	80	47	0	83	38	11	14	52	20	41	9	9	0	8	55	15	13	0	2	8	34	92	7	11	22	0	7	12	6	8	0	28	10	6	0	5	4	0	2	0	0	0	0	0	0	0	0	0
Preg.Feces.PD.2115.week3	777	248	2050	829	1074	95	511	79	465	252	140	2	85	150	239	21	289	21	17	9	86	581	0	15	61	38	100	60	0	51	85	35	63	122	49	24	4	38	45	15	6	569	20	21	8	10	2	0	19	52	20	2	28	9	6	0	10	0	20	0	3	8	0	8	0	5	0	2	0	2	0	0	0	0	4	3	0
Preg.Feces.PD.2115.week6.2	1194	427	5113	200	1786	336	24	844	0	801	169	65	129	517	712	142	52	119	44	40	108	1124	45	25	99	32	19	118	25	156	109	57	264	311	48	0	84	12	0	39	50	16	0	102	16	22	5	0	62	0	0	9	20	0	0	24	52	11	0	15	5	8	0	2	0	0	5	0	5	0	23	0	3	0	0	0	0
Preg.Feces.PD.2121.week0	859	346	4773	125	1004	175	28	28	176	317	136	84	81	105	181	24	17	64	9	13	94	487	17	48	123	82	61	136	97	138	80	0	107	187	15	42	15	31	55	17	34	0	14	35	30	20	0	29	20	39	96	7	19	8	22	11	9	21	5	11	0	2	0	6	3	0	0	3	0	0	0	0	0	0	0	0	0
Preg.Feces.PD.2121.week3	1066	314	5847	1104	1242	113	1149	39	2595	261	313	0	101	91	154	49	359	21	17	18	64	683	13	20	94	62	81	91	18	32	54	0	62	148	221	96	69	40	62	7	15	0	78	42	10	11	40	5	16	8	49	28	19	12	0	0	34	0	11	12	2	3	4	14	0	5	0	2	9	8	2	12	0	0	0	6	0
Preg.Feces.PD.2121.week6.2	1220	377	6552	29	1386	895	14	178	810	787	279	426	260	80	329	117	6	42	17	39	72	645	8	163	224	53	64	84	9	78	149	0	197	126	18	30	121	16	96	18	18	728	0	84	20	13	12	18	31	145	0	15	29	10	3	6	34	8	7	0	0	0	0	0	0	5	0	4	5	0	0	0	2	0	0	0	0
Preg.Feces.PD.2152.week0	2252	1311	9032	416	2450	1021	182	70	21	990	237	56	354	662	350	61	101	227	55	238	358	1346	157	118	90	187	212	333	39	184	214	10	431	369	27	73	80	90	344	70	56	3	41	111	25	11	10	8	53	42	0	18	67	31	11	25	56	10	21	9	4	11	8	10	0	18	5	5	0	2	8	0	0	5	0	0	0
Preg.Feces.PD.2152.week3	1457	150	4547	547	863	96	611	88	4177	319	232	7	40	138	155	74	298	23	12	10	102	470	0	17	26	108	39	100	10	57	71	20	99	102	292	117	9	19	67	5	14	0	41	47	14	9	73	169	27	44	0	5	26	14	18	0	13	0	12	0	0	25	7	24	0	0	0	3	3	0	0	6	0	0	3	8	0
Preg.Feces.PD.2152.week6.2	1740	586	5764	359	3024	173	284	4147	938	491	176	134	133	775	351	1395	45	121	300	817	3	2088	0	54	280	65	0	149	27	188	222	47	235	216	32	0	47	82	0	94	15	0	0	103	10	21	0	0	39	0	0	0	54	0	15	2	50	8	0	0	0	6	0	0	0	0	5	0	0	0	5	0	5	0	0	0	0
Preg.Feces.PD.2169.week0	1170	60	18475	845	456	499	35	72	26	412	317	114	236	49	65	81	200	11	0	9	113	177	59	83	321	327	22	95	17	49	34	0	49	45	35	47	38	20	77	0	18	0	0	41	15	8	19	37	21	46	0	19	28	41	4	0	0	0	9	0	6	0	4	6	0	0	0	13	12	0	0	0	0	0	0	0	0
Preg.Feces.PD.2169.week3	1456	334	2480	4614	2981	160	192	268	0	394	359	8	124	926	255	26	1062	107	43	51	62	1601	0	0	11	39	248	188	107	160	182	415	95	404	189	84	0	135	14	39	30	0	49	114	31	11	4	0	107	42	0	0	89	0	12	3	65	31	26	63	0	22	15	0	0	4	8	0	6	0	5	4	3	0	0	4	0
Preg.Feces.PD.2169.week6.2	1346	263	3787	289	3223	174	3	2834	0	272	134	525	34	1289	382	191	57	97	250	148	79	1816	50	17	47	33	9	160	25	175	193	329	222	301	25	0	33	34	95	174	38	0	7	122	16	31	0	0	70	0	0	0	65	3	7	0	94	8	0	5	0	2	0	0	0	0	7	0	3	0	34	0	4	3	2	0	0
Preg.Feces.PD.2186.week0	1204	84	23332	731	275	465	122	17	331	381	76	614	150	26	60	21	214	10	0	8	46	105	11	184	163	366	27	41	39	22	36	0	23	25	27	29	8	0	61	4	0	0	17	13	6	0	6	41	0	0	0	17	6	7	0	0	6	0	3	0	33	0	0	0	0	0	0	2	0	0	0	0	0	0	0	0	0
Preg.Feces.PD.2186.week3	874	58	2060	1263	946	47	514	93	552	292	87	7	13	208	255	29	529	20	21	8	42	565	0	4	17	66	10	68	0	57	91	0	85	141	69	55	4	64	59	11	9	77	24	31	15	17	12	0	17	9	0	6	34	8	10	0	33	0	11	10	0	0	3	11	0	0	0	2	0	0	0	0	0	0	0	2	4
Preg.Feces.PD.2186.week6.2	727	108	3668	749	1579	170	209	1691	0	192	0	447	4	792	349	213	87	78	317	41	22	1114	30	33	14	62	0	96	5	265	121	0	127	148	40	0	38	48	0	69	27	0	0	65	42	0	0	8	34	0	0	3	35	0	5	0	29	11	0	0	0	10	0	0	0	0	6	3	0	4	23	0	7	0	0	0	0
Preg.Feces.PD.2202.week0	4842	323	22525	826	2173	661	372	86	197	1618	161	636	370	247	342	83	221	65	33	24	122	1123	39	115	253	752	256	414	125	235	208	0	209	284	68	65	30	20	199	24	34	6	32	93	51	31	12	31	72	18	0	31	132	44	31	5	36	13	35	16	128	5	14	15	9	20	7	9	3	0	0	0	0	0	5	0	0
Preg.Feces.PD.2202.week3	2796	137	5742	1415	2196	236	1308	334	0	453	487	682	215	809	234	75	759	34	61	64	68	1905	0	27	33	96	183	196	55	90	299	704	104	328	498	331	14	155	40	36	27	0	60	101	24	26	0	0	45	7	0	18	255	3	26	4	72	8	32	0	6	11	0	12	0	4	0	0	11	5	0	8	3	4	0	10	4
Preg.Feces.PD.2202.week6.2	1346	98	2549	1165	1344	178	174	89	4	515	83	38	326	171	213	80	236	41	81	11	29	690	45	35	32	28	103	138	13	223	65	525	63	330	21	31	43	20	71	8	16	0	41	80	15	15	0	0	19	20	0	9	65	4	28	0	13	4	11	2	0	2	5	0	0	0	0	3	0	0	2	0	0	0	0	0	0
Preg.Feces.PD.2209.week0	2222	117	15298	298	703	565	91	22	274	891	468	726	131	45	407	155	102	17	11	11	146	339	53	148	221	858	63	97	21	45	31	19	107	87	30	0	55	11	216	7	13	0	28	73	19	11	10	177	24	22	42	52	4	54	7	0	16	2	0	0	12	3	0	33	5	6	0	10	0	0	0	6	0	0	0	4	0
Preg.Feces.PD.2209.week3	5321	896	10469	2312	2124	652	1250	1418	0	852	400	890	65	386	575	44	1250	54	369	25	198	1914	17	58	124	389	19	236	74	183	216	1081	144	457	1053	0	6	74	11	67	41	0	0	138	57	21	10	0	51	0	0	8	119	0	19	4	91	8	0	0	6	7	0	0	0	9	7	3	107	5	6	15	0	0	0	0	0
Preg.Feces.PD.2209.week6.2	1107	1164	1342	121	3096	298	41	418	0	291	106	9	73	247	115	119	18	112	534	116	0	1453	0	7	39	21	114	84	53	192	342	0	193	146	8	0	3	99	6	9	20	546	0	40	15	20	0	0	82	0	0	0	136	0	12	11	109	17	0	79	0	0	0	0	0	0	0	0	0	0	17	0	0	0	0	0	0
Preg.Feces.PD.2211.week0	1645	199	17315	222	1561	687	20	112	260	615	371	282	171	54	326	57	47	37	17	14	87	516	116	122	388	313	75	180	53	115	45	10	131	185	15	0	33	0	72	19	24	0	14	33	18	25	0	71	31	7	64	65	36	28	4	7	10	12	3	0	17	0	0	8	9	0	0	7	0	0	0	0	0	0	0	0	0
Preg.Feces.PD.2211.week3	1435	1275	3503	1646	6161	171	229	97	0	507	184	39	83	578	678	42	585	156	54	14	84	2066	6	11	27	44	375	231	117	236	367	201	336	455	397	0	28	134	68	91	47	0	51	183	55	64	6	2	113	5	5	12	125	11	37	4	92	5	10	54	21	35	4	13	0	11	9	0	8	5	20	8	11	5	0	2	0
Preg.Feces.PD.2211.week6.2	1554	219	9069	69	1131	1140	68	177	0	814	237	315	472	67	225	115	23	57	84	33	14	604	134	127	276	66	47	85	14	69	83	24	114	103	26	44	0	0	23	55	18	0	33	29	19	7	0	0	15	0	0	18	38	0	5	0	12	18	0	33	6	0	0	5	0	0	0	0	3	0	3	0	0	0	0	0	0
Preg.Feces.PD.2217.week0	1659	39	18040	628	252	491	77	15	379	537	195	201	197	17	109	31	147	14	3	8	660	156	264	217	504	482	19	36	24	22	26	0	27	28	17	0	135	4	96	5	0	0	23	9	2	5	9	297	0	10	23	92	0	51	0	0	4	9	0	0	13	0	2	10	90	0	0	10	5	0	0	0	0	0	0	0	0
Preg.Feces.PD.2217.week3	2174	321	8089	4023	1904	184	2143	70	13	680	510	163	60	325	348	52	2429	51	24	43	76	991	0	14	48	161	217	135	48	74	170	95	71	175	678	64	0	27	82	45	17	0	91	62	27	23	40	2	26	5	2	14	65	0	12	0	38	2	35	0	20	4	2	18	0	3	0	0	24	8	0	15	0	3	0	16	0
Preg.Feces.PD.2217.week6.2	1914	362	13885	1168	1059	1238	304	278	6	215	155	456	517	132	446	218	363	43	35	17	42	510	366	49	228	203	77	58	19	90	87	61	36	75	113	44	110	21	128	26	12	7	34	20	19	7	0	0	5	3	0	42	12	10	3	3	3	5	4	0	25	2	0	8	0	0	4	3	0	0	0	0	0	0	0	0	0
Preg.Feces.PD.2222.week0	1910	135	17009	70	2070	518	781	41	7	799	190	161	330	253	161	124	22	45	36	16	182	783	10	115	124	241	117	127	16	115	94	0	145	247	42	181	128	7	108	16	32	0	54	27	13	29	19	9	27	11	0	25	65	28	7	3	13	4	13	0	7	6	6	15	12	5	0	5	2	0	0	0	0	0	0	0	0
Preg.Feces.PD.2222.week3	1604	1185	9666	2903	3504	111	718	111	0	431	108	2192	103	38	290	14	1113	132	25	17	163	1694	14	28	100	318	694	150	212	162	630	0	269	580	538	149	9	42	52	69	54	0	57	84	59	52	68	3	141	11	0	21	87	46	19	5	96	6	18	178	5	2	12	41	6	10	4	2	18	14	15	19	4	11	0	4	11
Preg.Feces.PD.2222.week6.2	723	1021	10475	480	2010	246	174	366	0	206	60	608	79	238	120	147	70	108	18	35	47	919	430	37	226	397	195	72	20	113	231	0	107	121	32	94	46	51	797	0	16	0	26	27	11	0	82	50	37	14	0	30	31	61	11	0	86	0	31	0	0	3	0	18	0	2	4	6	4	0	5	0	0	0	2	0	7
Preg.Feces.PD.2229.week0	4759	278	13115	325	2526	951	180	287	86	1249	504	151	614	355	820	145	90	121	40	67	591	1228	87	205	150	109	61	316	34	288	140	6	338	571	31	36	147	28	379	15	39	0	31	101	27	49	0	0	125	3	0	22	65	9	19	18	69	4	32	0	13	11	4	25	56	12	0	13	0	0	10	0	0	0	7	0	0
Preg.Feces.PD.2229.week3	2176	970	12643	1384	3076	557	2497	443	6013	701	180	11	113	529	322	74	1024	105	40	26	49	1811	5	46	149	436	112	179	143	148	419	55	166	524	647	120	24	120	112	29	32	1701	69	58	19	27	0	0	109	6	0	9	101	13	11	8	106	3	39	0	4	23	6	11	0	3	2	0	7	3	0	11	0	6	0	0	0
Preg.Feces.PD.2229.week6.2	822	1489	11494	20	2889	488	14	236	83	42	82	3074	59	112	151	89	5	141	129	78	16	1050	124	159	286	169	111	202	77	430	119	0	371	620	8	31	82	35	6	21	57	12	9	73	43	32	5	13	48	0	0	15	17	0	22	32	70	25	0	0	0	7	0	4	37	5	3	7	0	0	0	0	0	0	5	0	0
Preg.Feces.PD.2230.week0	1703	82	16897	812	903	1378	138	70	147	522	3	773	338	122	124	38	142	27	12	14	44	308	0	79	461	448	16	122	101	61	87	2	74	129	62	0	12	9	109	10	19	0	43	23	26	7	34	0	24	0	0	6	71	15	11	0	14	10	10	19	41	0	3	7	0	8	3	0	3	0	0	0	0	0	0	0	0
Preg.Feces.PD.2230.week3	2168	319	6678	9101	2211	247	1662	175	0	808	590	17	88	414	289	59	2937	106	22	16	51	1662	0	10	36	186	62	207	53	173	144	53	82	482	436	0	10	30	52	98	21	0	244	97	24	12	0	0	57	9	0	11	78	5	9	3	38	10	12	0	5	6	20	12	0	4	9	0	23	10	0	6	5	0	4	7	0
Preg.Feces.PD.2230.week6.2	1995	301	4468	46	3304	402	15	245	0	543	256	132	160	749	129	27	14	42	97	28	21	1448	84	29	26	91	75	268	51	250	425	0	331	358	26	0	12	149	98	0	61	0	15	85	30	33	0	0	38	15	0	6	90	7	43	14	68	14	13	0	18	3	9	6	0	0	6	3	3	0	3	0	0	0	2	0	0
Preg.Feces.PD.2238.week0	1356	220	12538	498	1977	451	159	311	93	792	203	281	51	222	100	61	90	75	25	13	71	740	39	101	223	191	94	134	15	145	81	0	154	196	35	0	67	14	28	38	24	34	47	83	24	15	3	15	41	0	0	38	74	6	9	0	26	11	0	0	13	7	0	8	12	0	0	7	14	0	0	0	4	0	5	4	0
Preg.Feces.PD.2238.week3	1424	2788	6441	1931	5284	215	1873	3114	34	321	226	53	43	919	261	47	1298	168	169	11	38	2739	6	19	83	122	349	333	72	264	278	0	158	638	437	0	52	154	15	105	41	0	30	199	16	63	0	0	106	0	0	12	150	8	7	4	93	4	0	0	0	11	0	0	0	0	5	0	4	7	19	8	0	0	4	0	0
Preg.Feces.PD.2238.week6.2	786	489	2962	37	2504	378	0	1381	2	486	176	543	12	1080	60	94	0	84	682	132	5	1898	8	69	159	49	7	200	71	176	235	0	317	98	48	0	0	96	5	185	61	0	0	87	39	30	17	2	94	0	0	0	84	0	13	11	60	18	0	5	0	0	0	0	0	0	4	0	0	0	18	0	7	0	0	0	0
Preg.Feces.PD.2239.week0	1606	166	15106	454	735	1130	426	7	1011	225	374	13	605	50	168	266	64	32	8	5	685	444	573	387	218	598	69	89	13	105	44	0	60	167	27	0	113	18	136	30	19	298	73	17	11	5	8	124	26	0	0	72	32	60	7	0	7	6	0	0	40	0	0	23	47	2	0	15	8	11	0	0	0	0	0	0	0
Preg.Feces.PD.2239.week3	2257	1375	6425	353	3579	321	1904	648	438	222	426	101	121	819	377	61	219	106	44	29	43	1709	9	49	114	213	304	267	72	288	223	0	233	709	440	181	65	191	104	53	41	44	95	114	60	69	17	19	201	19	0	20	195	40	14	5	73	6	0	0	16	23	44	38	7	14	0	3	11	4	22	14	0	7	0	0	7
Preg.Feces.PD.2239.week6.2	1801	366	6382	396	1928	751	19	576	4	103	400	756	111	616	19	186	59	191	69	90	19	1035	11	91	355	220	0	175	67	167	658	0	356	324	20	92	18	157	245	102	103	134	17	141	111	37	5	13	123	0	0	6	164	2	40	23	44	109	0	5	0	11	6	0	0	0	0	0	0	0	9	0	0	0	0	0	3
Preg.Feces.PD.2251.week0	1062	152	7827	187	1095	280	47	31	192	412	122	147	128	96	118	13	22	30	27	15	40	420	20	50	104	225	54	139	68	60	44	0	115	139	15	19	0	12	82	27	27	0	24	51	37	14	0	23	30	0	0	25	41	9	20	10	0	16	5	15	29	4	0	7	0	10	6	0	0	0	3	0	0	0	0	0	0
Preg.Feces.PD.2251.week6.2	3150	1201	3868	106	4588	704	34	945	2	823	295	33	245	2335	487	144	41	324	133	112	72	2750	28	48	39	81	240	491	80	426	273	3	539	611	20	52	35	101	135	95	52	6	19	135	49	81	0	0	244	9	0	7	247	6	41	24	118	36	39	0	3	28	23	14	0	17	10	3	3	0	13	0	8	0	5	0	0
Preg.Feces.PD.2256.week0	908	79	8014	316	610	211	89	88	382	198	146	205	164	30	88	25	68	20	10	6	9	245	25	101	79	199	19	82	4	36	56	0	61	103	14	25	40	8	135	5	4	0	21	33	8	12	4	4	15	0	0	26	19	19	7	0	0	2	7	0	5	0	0	10	0	0	0	5	0	0	0	0	0	0	0	0	0
Preg.Feces.PD.2256.week3	2726	670	3285	4186	1766	419	781	440	171	339	604	511	403	104	302	58	1995	36	27	23	55	1581	0	30	71	102	44	144	12	97	140	1552	134	287	316	262	8	70	149	85	11	0	53	78	40	32	18	2	102	0	0	8	68	4	23	5	46	5	23	0	5	0	0	15	0	5	2	2	6	6	0	0	3	0	0	5	2
Preg.Feces.PD.2256.week6.2	1474	1465	2229	131	2949	265	43	4246	0	188	68	403	8	601	297	73	15	241	385	37	152	2532	35	23	35	15	0	481	19	1050	193	89	266	1024	11	0	11	101	0	251	66	0	0	175	20	0	0	0	62	0	0	3	40	0	5	40	74	16	0	0	0	17	0	0	0	0	26	0	0	0	34	0	7	0	0	0	0
Preg.Feces.PD.2258.week0	629	110	9121	525	992	539	131	10	556	250	65	39	136	68	69	17	78	38	13	9	33	301	16	104	96	187	80	119	9	82	62	0	104	134	21	36	26	17	455	9	14	0	32	42	24	11	10	19	13	0	0	14	17	33	14	0	7	6	10	0	14	6	4	11	0	5	4	12	0	0	0	0	0	0	0	0	0
Preg.Feces.PD.2258.week3	1525	290	4162	5528	1504	111	2035	192	1998	520	249	4	60	199	422	73	1512	42	22	14	82	844	0	22	32	147	61	82	27	75	82	0	64	218	415	35	62	44	81	54	7	0	54	52	13	38	69	15	28	0	0	11	44	14	0	0	49	0	22	0	0	4	11	15	0	0	0	0	0	0	0	7	0	0	0	5	0
Preg.Feces.PD.2258.week6.2	6472	673	11405	549	2544	856	323	754	0	542	78	26	824	444	585	472	181	152	45	89	47	1777	235	104	114	110	123	550	18	361	198	464	417	832	73	91	241	76	265	200	26	0	0	175	60	45	0	0	98	0	0	50	54	13	28	21	41	9	0	0	26	30	21	14	0	41	13	7	7	2	0	5	5	0	4	0	2
Preg.Feces.PND.2105.week0	570	88	9132	129	614	331	21	7	230	347	169	227	82	25	56	21	26	22	6	9	32	219	0	64	89	97	16	68	29	87	28	0	75	96	6	17	7	13	110	8	11	20	10	10	14	10	0	0	9	16	28	9	22	15	14	0	6	3	2	7	39	13	0	10	0	0	2	4	0	0	0	0	0	0	0	0	0
Preg.Feces.PND.2105.week3	281	1685	917	212	2419	21	68	1891	0	125	39	41	17	428	85	40	101	133	268	26	13	1850	0	0	7	0	4	122	48	140	142	0	84	309	70	0	3	125	7	72	17	0	0	30	14	11	0	0	68	0	0	0	64	0	0	4	96	0	0	7	0	25	0	0	0	0	3	0	0	2	15	0	6	0	0	0	0
Preg.Feces.PND.2105.week6.2	2664	2131	1148	195	3951	124	54	1872	31	1436	310	17	179	1026	423	181	47	292	1161	108	43	2824	0	32	27	6	93	248	115	294	182	0	529	496	26	0	6	124	0	127	59	0	0	105	57	32	0	37	47	0	0	5	126	0	9	11	166	42	0	0	0	13	0	4	0	0	9	0	2	0	20	0	16	3	0	0	0
Preg.Feces.PND.2128.week0	2555	1024	8621	136	1572	284	108	16	728	788	228	23	136	220	214	38	63	49	23	18	42	606	0	79	185	126	164	128	208	53	160	0	207	111	25	0	16	90	125	63	28	0	27	20	26	5	3	69	49	58	142	9	23	41	10	10	25	11	4	30	30	4	9	3	4	0	2	7	18	2	0	0	0	0	5	0	0
Preg.Feces.PND.2128.week3	411	4386	358	48	5407	27	8	434	15	164	109	3	9	815	154	48	34	77	77	69	21	1670	0	0	0	19	44	146	50	127	223	26	305	269	89	6	2	167	17	47	24	0	25	66	52	8	0	0	32	11	0	0	74	0	8	13	76	6	17	15	0	23	16	3	0	0	0	0	2	0	9	0	4	6	0	0	0
Preg.Feces.PND.2128.week6.2	1853	586	5314	533	698	123	0	341	23	538	127	103	182	32	239	344	68	34	4	22	29	446	56	52	163	43	18	64	17	55	225	290	86	129	26	27	34	55	88	8	37	0	13	27	9	11	0	0	28	8	0	6	17	2	5	5	6	2	0	0	6	3	0	0	0	0	5	0	3	0	6	0	0	0	0	0	0
Preg.Feces.PND.2151.week0	445	635	2889	70	2702	215	27	85	0	194	109	296	98	297	140	130	21	85	32	46	24	1092	12	24	37	55	102	179	27	125	224	18	437	283	6	71	38	91	112	57	34	0	14	44	19	19	0	12	64	42	0	9	108	5	13	7	39	6	5	7	22	2	3	11	0	7	5	0	0	0	8	0	4	4	0	0	0
Preg.Feces.PND.2151.week3	715	736	912	437	2398	11	156	3129	0	164	43	207	10	1444	103	19	152	81	400	38	36	2182	0	3	9	30	7	272	82	256	404	59	163	646	160	0	0	276	17	184	40	0	0	135	19	30	0	0	153	0	0	0	82	0	6	12	77	9	0	202	0	41	0	0	0	0	0	0	21	0	14	0	3	0	2	0	0
Preg.Feces.PND.2151.week6.2	1797	315	1244	327	575	199	55	339	0	746	49	43	66	186	157	164	37	43	53	27	44	508	46	15	25	20	0	87	11	99	49	180	71	195	23	0	0	27	0	65	16	0	0	22	7	13	0	0	13	0	0	3	12	0	6	0	47	0	0	0	0	0	0	0	0	0	0	0	5	0	9	0	0	0	0	0	0
Preg.Feces.PND.2181.week0	1556	278	14455	617	1629	938	129	111	990	561	100	88	193	130	260	170	78	39	14	8	98	563	146	219	228	314	79	200	38	172	76	0	161	112	21	23	118	23	341	9	26	255	22	66	20	24	85	34	38	0	0	59	55	55	13	10	6	7	10	0	0	6	8	18	0	8	4	20	0	0	0	0	0	0	2	0	7
Preg.Feces.PND.2181.week3	1982	1820	14283	3480	1932	311	1895	240	3697	414	213	45	132	291	336	82	1444	60	39	20	70	1429	22	41	176	562	134	191	82	142	257	15	136	233	418	169	48	113	217	31	34	1234	82	46	33	39	346	17	57	0	0	19	94	64	10	0	55	0	49	4	0	16	23	31	0	7	3	7	3	9	7	25	0	2	3	0	0
Preg.Feces.PND.2181.week6.2	2841	839	6337	255	1690	1134	535	638	0	430	164	7	241	547	980	182	135	62	28	13	124	1163	409	22	202	47	0	95	15	124	71	178	172	157	61	20	261	22	173	90	46	11	23	34	20	44	50	0	72	0	0	6	17	11	12	19	71	26	17	0	0	5	19	6	0	0	8	0	0	0	0	5	0	0	3	0	0
Preg.Feces.PND.2194.week0	1231	57	13060	142	433	1392	43	19	721	327	5	131	263	45	90	100	30	15	0	27	48	160	88	206	272	264	11	67	8	61	39	0	72	42	12	16	96	4	328	5	5	177	16	21	10	9	75	46	14	0	0	31	2	24	5	0	0	2	5	6	0	0	0	4	0	3	0	12	0	5	0	0	0	0	0	0	0
Preg.Feces.PND.2194.week3	1162	187	13538	4851	792	301	1683	48	3180	453	137	37	77	110	124	17	1407	40	7	13	73	579	43	56	218	289	78	54	32	32	55	0	50	57	143	40	400	14	83	11	6	493	69	23	11	10	342	104	18	0	0	47	20	28	3	0	27	0	14	13	0	0	0	15	0	4	0	3	9	6	0	10	0	0	0	0	0
Preg.Feces.PND.2194.week6.2	2379	240	2442	159	861	1197	129	283	0	1052	68	18	279	121	196	72	46	49	18	103	820	671	191	85	23	6	68	132	11	138	166	22	192	157	16	90	5	12	322	89	12	0	0	34	6	12	3	0	29	0	0	4	37	4	17	20	0	5	25	0	10	0	0	6	0	10	4	0	0	0	6	0	0	0	0	0	0
Preg.Feces.PND.2232.week0	2724	347	15742	641	1742	2008	161	221	414	502	469	971	650	434	392	112	132	106	12	33	79	542	20	164	435	435	39	154	60	71	82	0	166	167	43	9	125	27	47	8	20	0	27	65	13	14	19	0	33	0	0	92	49	37	7	9	28	14	44	51	11	0	0	7	0	0	0	16	0	0	0	0	2	0	0	0	0
Preg.Feces.PND.2232.week3	2787	939	9485	1421	2221	170	5827	759	918	576	208	16	217	934	785	286	1072	113	32	217	18	1572	0	24	170	347	50	160	74	119	145	0	95	388	671	128	72	67	50	46	6	273	151	124	11	33	44	15	70	48	0	12	36	28	14	0	90	0	88	76	33	15	9	32	0	11	2	6	9	3	0	44	0	6	0	16	0
Preg.Feces.PND.2232.week6.2	1905	355	6941	91	1478	2807	36	686	0	518	753	346	269	242	65	46	16	154	235	64	77	1438	16	108	607	505	14	275	20	110	204	0	167	401	50	0	4	28	23	72	69	442	0	176	47	23	36	10	41	0	0	5	95	0	20	30	34	162	0	7	0	18	0	3	0	0	4	0	0	0	7	0	2	0	0	0	0
Preg.Feces.PND.2257.week0	376	135	5413	223	926	199	78	35	510	205	112	181	65	96	76	13	25	17	26	0	17	340	16	34	43	184	63	51	15	41	101	0	118	70	11	0	9	31	410	5	14	0	22	41	9	5	0	8	13	0	0	12	33	12	5	2	0	2	4	0	6	0	0	13	0	4	3	6	0	0	0	0	0	0	0	0	0
Preg.Feces.PND.2257.week3	1209	140	6664	4154	682	261	2787	106	1128	165	226	0	57	197	189	36	1683	32	8	10	112	329	5	20	42	83	42	50	24	40	94	0	58	79	267	0	18	34	50	19	9	913	27	27	0	11	47	67	16	16	8	5	16	11	5	4	17	0	5	0	3	2	6	0	0	0	0	3	0	0	0	0	0	0	0	2	0
Preg.Feces.PND.2257.week6.2	804	82	4366	340	1371	118	25	2776	6	88	31	477	0	938	143	42	53	178	380	11	7	838	14	22	59	32	0	136	24	157	147	0	155	271	3	0	15	27	0	97	25	139	0	39	23	0	0	24	87	0	0	4	10	0	9	24	49	6	0	0	0	0	0	2	6	0	9	0	0	0	14	0	0	0	4	0	0
